index,path_before,path_BIC,sha_before,sha_BIC,path_fix,sha_fix,key
zookeeper0,zookeeper-server/src/main/java/org/apache/zookeeper/server/PrepRequestProcessor.java,zookeeper-server/src/main/java/org/apache/zookeeper/server/PrepRequestProcessor.java,fe940cdd8fb23ba09684cefb73233d570f4a20fa^,fe940cdd8fb23ba09684cefb73233d570f4a20fa,zookeeper-server/src/main/java/org/apache/zookeeper/server/PrepRequestProcessor.java,42ea26b75105484ef0504396332c276952224158,"fe940cdd8fb23ba09684cefb73233d570f4a20fa^
fe940cdd8fb23ba09684cefb73233d570f4a20fa
zookeeper-server/src/main/java/org/apache/zookeeper/server/PrepRequestProcessor.java
zookeeper-server/src/main/java/org/apache/zookeeper/server/PrepRequestProcessor.java"
zookeeper1,src/java/main/org/apache/zookeeper/server/NettyServerCnxnFactory.java,src/java/main/org/apache/zookeeper/server/NettyServerCnxnFactory.java,01aea04fe49e0e218e06a898780758c1bb0f2600^,01aea04fe49e0e218e06a898780758c1bb0f2600,zookeeper-server/src/main/java/org/apache/zookeeper/server/NettyServerCnxnFactory.java,8460f4ed48c5f9018d882bee2be748de42e965f9,"01aea04fe49e0e218e06a898780758c1bb0f2600^
01aea04fe49e0e218e06a898780758c1bb0f2600
src/java/main/org/apache/zookeeper/server/NettyServerCnxnFactory.java
src/java/main/org/apache/zookeeper/server/NettyServerCnxnFactory.java"
zookeeper2,zookeeper-server/src/main/java/org/apache/zookeeper/server/persistence/FileTxnSnapLog.java,zookeeper-server/src/main/java/org/apache/zookeeper/server/persistence/FileTxnSnapLog.java,fe940cdd8fb23ba09684cefb73233d570f4a20fa^,fe940cdd8fb23ba09684cefb73233d570f4a20fa,zookeeper-server/src/main/java/org/apache/zookeeper/server/persistence/FileTxnSnapLog.java,68c21988d55c57e483370d3ee223c22da2d1bbcf,"fe940cdd8fb23ba09684cefb73233d570f4a20fa^
fe940cdd8fb23ba09684cefb73233d570f4a20fa
zookeeper-server/src/main/java/org/apache/zookeeper/server/persistence/FileTxnSnapLog.java
zookeeper-server/src/main/java/org/apache/zookeeper/server/persistence/FileTxnSnapLog.java"
zookeeper3,src/java/main/org/apache/zookeeper/server/quorum/LearnerHandler.java,src/java/main/org/apache/zookeeper/server/quorum/LearnerHandler.java,9f102d311e0d68a2e0a212b1c870a6f999a128a5^,9f102d311e0d68a2e0a212b1c870a6f999a128a5,zookeeper-server/src/main/java/org/apache/zookeeper/server/quorum/LearnerHandler.java,4cadbb1a649b70a2243bc4c1e5f736df4d35c462,"9f102d311e0d68a2e0a212b1c870a6f999a128a5^
9f102d311e0d68a2e0a212b1c870a6f999a128a5
src/java/main/org/apache/zookeeper/server/quorum/LearnerHandler.java
src/java/main/org/apache/zookeeper/server/quorum/LearnerHandler.java"
zookeeper4,zookeeper-server/src/main/java/org/apache/zookeeper/server/quorum/QuorumPeer.java,zookeeper-server/src/main/java/org/apache/zookeeper/server/quorum/QuorumPeer.java,64104eaeaa6508f052edfd39c24243a8e26039dc^,64104eaeaa6508f052edfd39c24243a8e26039dc,zookeeper-server/src/main/java/org/apache/zookeeper/server/quorum/QuorumPeer.java,5874a0f355417024ce8ebe03ab2f6eaf5b9a228c,"64104eaeaa6508f052edfd39c24243a8e26039dc^
64104eaeaa6508f052edfd39c24243a8e26039dc
zookeeper-server/src/main/java/org/apache/zookeeper/server/quorum/QuorumPeer.java
zookeeper-server/src/main/java/org/apache/zookeeper/server/quorum/QuorumPeer.java"
zookeeper5,src/java/main/org/apache/zookeeper/ZooKeeper.java,src/java/main/org/apache/zookeeper/ZooKeeper.java,b7a03643afda3306accd4c58e39daeb31870dc6e^,b7a03643afda3306accd4c58e39daeb31870dc6e,zookeeper-server/src/main/java/org/apache/zookeeper/ZooKeeper.java,c000f96504198d999daee2b0ccb3c4217f16dc97,"b7a03643afda3306accd4c58e39daeb31870dc6e^
b7a03643afda3306accd4c58e39daeb31870dc6e
src/java/main/org/apache/zookeeper/ZooKeeper.java
src/java/main/org/apache/zookeeper/ZooKeeper.java"
zookeeper6,src/java/main/org/apache/zookeeper/server/quorum/FastLeaderElection.java,src/java/main/org/apache/zookeeper/server/quorum/FastLeaderElection.java,e08ffda1b82a1f2e6232c6140fe38976c291e2fb^,e08ffda1b82a1f2e6232c6140fe38976c291e2fb,zookeeper-server/src/main/java/org/apache/zookeeper/server/quorum/FastLeaderElection.java,0b504dec95b09acb05b40505588f7cda8131fea6,"e08ffda1b82a1f2e6232c6140fe38976c291e2fb^
e08ffda1b82a1f2e6232c6140fe38976c291e2fb
src/java/main/org/apache/zookeeper/server/quorum/FastLeaderElection.java
src/java/main/org/apache/zookeeper/server/quorum/FastLeaderElection.java"
zookeeper7,src/java/main/org/apache/zookeeper/ClientCnxn.java,src/java/main/org/apache/zookeeper/ClientCnxn.java,b7a03643afda3306accd4c58e39daeb31870dc6e^,b7a03643afda3306accd4c58e39daeb31870dc6e,zookeeper-server/src/main/java/org/apache/zookeeper/ClientCnxn.java,83fd6e298dda420125f8be35fda68cb226b0ee05,"b7a03643afda3306accd4c58e39daeb31870dc6e^
b7a03643afda3306accd4c58e39daeb31870dc6e
src/java/main/org/apache/zookeeper/ClientCnxn.java
src/java/main/org/apache/zookeeper/ClientCnxn.java"
zookeeper8,src/java/main/org/apache/zookeeper/server/DataTree.java,src/java/main/org/apache/zookeeper/server/DataTree.java,0b3d1c6a7b46961e1fc501d66fb52173935306a1^,0b3d1c6a7b46961e1fc501d66fb52173935306a1,src/java/main/org/apache/zookeeper/server/DataTree.java,e501d9cc67fbaa6e825292fd838711259b6c9789,"0b3d1c6a7b46961e1fc501d66fb52173935306a1^
0b3d1c6a7b46961e1fc501d66fb52173935306a1
src/java/main/org/apache/zookeeper/server/DataTree.java
src/java/main/org/apache/zookeeper/server/DataTree.java"
zookeeper9,src/java/main/org/apache/zookeeper/server/quorum/Leader.java,src/java/main/org/apache/zookeeper/server/quorum/Leader.java,bce5c62c62b2fc171deee54c9d6d6cb229c597cc^,bce5c62c62b2fc171deee54c9d6d6cb229c597cc,src/java/main/org/apache/zookeeper/server/quorum/Leader.java,148c2cd6ba73e66b1879a2e10ecda4ce4e0e2c7b,"bce5c62c62b2fc171deee54c9d6d6cb229c597cc^
bce5c62c62b2fc171deee54c9d6d6cb229c597cc
src/java/main/org/apache/zookeeper/server/quorum/Leader.java
src/java/main/org/apache/zookeeper/server/quorum/Leader.java"
zookeeper10,src/java/main/org/apache/zookeeper/server/persistence/FileTxnSnapLog.java,src/java/main/org/apache/zookeeper/server/persistence/FileTxnSnapLog.java,43eedab16b074f7b87da98ac0af60092bb0c52fd^,43eedab16b074f7b87da98ac0af60092bb0c52fd,src/java/main/org/apache/zookeeper/server/persistence/FileTxnSnapLog.java,78e4a1047c701006dd4ec8d09065eda0e7adedb5,"43eedab16b074f7b87da98ac0af60092bb0c52fd^
43eedab16b074f7b87da98ac0af60092bb0c52fd
src/java/main/org/apache/zookeeper/server/persistence/FileTxnSnapLog.java
src/java/main/org/apache/zookeeper/server/persistence/FileTxnSnapLog.java"
zookeeper11,src/java/main/org/apache/zookeeper/ZooKeeper.java,src/java/main/org/apache/zookeeper/ZooKeeper.java,18c58fa390c47b74d2af7ffca7b87610568b37f5^,18c58fa390c47b74d2af7ffca7b87610568b37f5,src/java/main/org/apache/zookeeper/ZooKeeper.java,9f82798415351a20136ceb1640b1781723e51cc1,"18c58fa390c47b74d2af7ffca7b87610568b37f5^
18c58fa390c47b74d2af7ffca7b87610568b37f5
src/java/main/org/apache/zookeeper/ZooKeeper.java
src/java/main/org/apache/zookeeper/ZooKeeper.java"
zookeeper12,src/java/main/org/apache/zookeeper/server/quorum/LearnerHandler.java,src/java/main/org/apache/zookeeper/server/quorum/LearnerHandler.java,8b4520f77760b2a7d35708f556dd23a05c95c6f7^,8b4520f77760b2a7d35708f556dd23a05c95c6f7,src/java/main/org/apache/zookeeper/server/quorum/LearnerHandler.java,088dfdf188663f6bad79b0e87b710737b318537d,"8b4520f77760b2a7d35708f556dd23a05c95c6f7^
8b4520f77760b2a7d35708f556dd23a05c95c6f7
src/java/main/org/apache/zookeeper/server/quorum/LearnerHandler.java
src/java/main/org/apache/zookeeper/server/quorum/LearnerHandler.java"
zookeeper13,src/java/main/org/apache/zookeeper/server/ZKDatabase.java,src/java/main/org/apache/zookeeper/server/ZKDatabase.java,9f102d311e0d68a2e0a212b1c870a6f999a128a5^,9f102d311e0d68a2e0a212b1c870a6f999a128a5,src/java/main/org/apache/zookeeper/server/ZKDatabase.java,fbd21329d32f185d198344f2d394175c92a82f9e,"9f102d311e0d68a2e0a212b1c870a6f999a128a5^
9f102d311e0d68a2e0a212b1c870a6f999a128a5
src/java/main/org/apache/zookeeper/server/ZKDatabase.java
src/java/main/org/apache/zookeeper/server/ZKDatabase.java"
zookeeper14,src/java/main/org/apache/zookeeper/ZooKeeper.java,src/java/main/org/apache/zookeeper/ZooKeeper.java,e3650bf5dd0bc427fc8000821ae70e69c563863f^,e3650bf5dd0bc427fc8000821ae70e69c563863f,src/java/main/org/apache/zookeeper/ZooKeeper.java,f0b67b6e49acec5f022bee25e08f82a29572c97a,"e3650bf5dd0bc427fc8000821ae70e69c563863f^
e3650bf5dd0bc427fc8000821ae70e69c563863f
src/java/main/org/apache/zookeeper/ZooKeeper.java
src/java/main/org/apache/zookeeper/ZooKeeper.java"
zookeeper15,src/java/main/org/apache/zookeeper/ClientCnxnSocketNetty.java,src/java/main/org/apache/zookeeper/ClientCnxnSocketNetty.java,af814bd812c1bad13f413004895de5ea1c781f78^,af814bd812c1bad13f413004895de5ea1c781f78,src/java/main/org/apache/zookeeper/ClientCnxnSocketNetty.java,66554218a557cbc86924354bdb20e20b20ff934f,"af814bd812c1bad13f413004895de5ea1c781f78^
af814bd812c1bad13f413004895de5ea1c781f78
src/java/main/org/apache/zookeeper/ClientCnxnSocketNetty.java
src/java/main/org/apache/zookeeper/ClientCnxnSocketNetty.java"
zookeeper16,src/java/main/org/apache/zookeeper/server/quorum/QuorumPeer.java,src/java/main/org/apache/zookeeper/server/quorum/QuorumPeer.java,f0da09751b34ad6969656df34bea7201632ef0ba^,f0da09751b34ad6969656df34bea7201632ef0ba,src/java/main/org/apache/zookeeper/server/quorum/QuorumPeer.java,d1b07d588e445085eff4abeb42cf730cc7c57e83,"f0da09751b34ad6969656df34bea7201632ef0ba^
f0da09751b34ad6969656df34bea7201632ef0ba
src/java/main/org/apache/zookeeper/server/quorum/QuorumPeer.java
src/java/main/org/apache/zookeeper/server/quorum/QuorumPeer.java"
zookeeper17,src/java/main/org/apache/zookeeper/server/persistence/FileTxnLog.java,src/java/main/org/apache/zookeeper/server/persistence/FileTxnLog.java,83cf0a93c37759334fab885c2010fa0b7d953f52^,83cf0a93c37759334fab885c2010fa0b7d953f52,src/java/main/org/apache/zookeeper/server/persistence/FileTxnLog.java,4d629d289fc4b1079fff2244b92a337e4068e240,"83cf0a93c37759334fab885c2010fa0b7d953f52^
83cf0a93c37759334fab885c2010fa0b7d953f52
src/java/main/org/apache/zookeeper/server/persistence/FileTxnLog.java
src/java/main/org/apache/zookeeper/server/persistence/FileTxnLog.java"
zookeeper18,src/java/main/org/apache/zookeeper/server/quorum/CommitProcessor.java,src/java/main/org/apache/zookeeper/server/quorum/CommitProcessor.java,9fc632c4f0a340b0a00ec6dff39c7b454c802822^,9fc632c4f0a340b0a00ec6dff39c7b454c802822,src/java/main/org/apache/zookeeper/server/quorum/CommitProcessor.java,0fe7a09ab57c73c3a5c91e68a889f600c0739136,"9fc632c4f0a340b0a00ec6dff39c7b454c802822^
9fc632c4f0a340b0a00ec6dff39c7b454c802822
src/java/main/org/apache/zookeeper/server/quorum/CommitProcessor.java
src/java/main/org/apache/zookeeper/server/quorum/CommitProcessor.java"
zookeeper19,src/java/main/org/apache/zookeeper/server/ServerCnxnFactory.java,src/java/main/org/apache/zookeeper/server/ServerCnxnFactory.java,5d86165250aeed6c109bd74f66814711b88ba015^,5d86165250aeed6c109bd74f66814711b88ba015,src/java/main/org/apache/zookeeper/server/ServerCnxnFactory.java,fb10c2b54698c8aab4477670bb0d6f7fe99c5c43,"5d86165250aeed6c109bd74f66814711b88ba015^
5d86165250aeed6c109bd74f66814711b88ba015
src/java/main/org/apache/zookeeper/server/ServerCnxnFactory.java
src/java/main/org/apache/zookeeper/server/ServerCnxnFactory.java"
zookeeper20,src/java/main/org/apache/zookeeper/server/persistence/FileTxnLog.java,src/java/main/org/apache/zookeeper/server/persistence/FileTxnLog.java,2a23a2599b31dcbc971ddd68b05a13b9570247cc^,2a23a2599b31dcbc971ddd68b05a13b9570247cc,src/java/main/org/apache/zookeeper/server/persistence/FileTxnLog.java,5c4e44332e55bbf21ca59583f3e8ca97fc4bb266,"2a23a2599b31dcbc971ddd68b05a13b9570247cc^
2a23a2599b31dcbc971ddd68b05a13b9570247cc
src/java/main/org/apache/zookeeper/server/persistence/FileTxnLog.java
src/java/main/org/apache/zookeeper/server/persistence/FileTxnLog.java"
zookeeper21,src/java/main/org/apache/zookeeper/server/quorum/QuorumPeerConfig.java,src/java/main/org/apache/zookeeper/server/quorum/QuorumPeerConfig.java,0b585528c8d8c36715b3489900e77c9198301102^,0b585528c8d8c36715b3489900e77c9198301102,src/java/main/org/apache/zookeeper/server/quorum/QuorumPeerConfig.java,ddf0364903bf7ac7cd25b2e1927f0d9d3c7203c4,"0b585528c8d8c36715b3489900e77c9198301102^
0b585528c8d8c36715b3489900e77c9198301102
src/java/main/org/apache/zookeeper/server/quorum/QuorumPeerConfig.java
src/java/main/org/apache/zookeeper/server/quorum/QuorumPeerConfig.java"
zookeeper22,src/java/main/org/apache/zookeeper/server/quorum/Learner.java,src/java/main/org/apache/zookeeper/server/quorum/Learner.java,2bf093ec150923624dd7a042d8d9459d589b1ef3^,2bf093ec150923624dd7a042d8d9459d589b1ef3,src/java/main/org/apache/zookeeper/server/quorum/Learner.java,69710181042a8c1f0461c1739b96171d88f2b126,"2bf093ec150923624dd7a042d8d9459d589b1ef3^
2bf093ec150923624dd7a042d8d9459d589b1ef3
src/java/main/org/apache/zookeeper/server/quorum/Learner.java
src/java/main/org/apache/zookeeper/server/quorum/Learner.java"
zookeeper23,src/java/main/org/apache/zookeeper/server/PrepRequestProcessor.java,src/java/main/org/apache/zookeeper/server/PrepRequestProcessor.java,0a4971d5efb12a35a00cf794dce1efb3f08a998c^,0a4971d5efb12a35a00cf794dce1efb3f08a998c,src/java/main/org/apache/zookeeper/server/PrepRequestProcessor.java,3824da0b649c6a6a698cfe6c79ca3d44a9e94f29,"0a4971d5efb12a35a00cf794dce1efb3f08a998c^
0a4971d5efb12a35a00cf794dce1efb3f08a998c
src/java/main/org/apache/zookeeper/server/PrepRequestProcessor.java
src/java/main/org/apache/zookeeper/server/PrepRequestProcessor.java"
zookeeper24,src/java/main/org/apache/zookeeper/cli/RemoveWatchesCommand.java,src/java/main/org/apache/zookeeper/cli/RemoveWatchesCommand.java,fade262a8a4fa744bd768dc7569d8f4c9d84f275^,fade262a8a4fa744bd768dc7569d8f4c9d84f275,src/java/main/org/apache/zookeeper/cli/RemoveWatchesCommand.java,b0b194533c08c8a111497e853668f751b28ae4e9,"fade262a8a4fa744bd768dc7569d8f4c9d84f275^
fade262a8a4fa744bd768dc7569d8f4c9d84f275
src/java/main/org/apache/zookeeper/cli/RemoveWatchesCommand.java
src/java/main/org/apache/zookeeper/cli/RemoveWatchesCommand.java"
zookeeper25,src/java/main/org/apache/zookeeper/server/quorum/Leader.java,src/java/main/org/apache/zookeeper/server/quorum/Leader.java,5428cd4bc963c2e653a260c458a8a8edf3fa08ef^,5428cd4bc963c2e653a260c458a8a8edf3fa08ef,src/java/main/org/apache/zookeeper/server/quorum/Leader.java,f7281f30467bfecb679f3e3d436337dfd16c810a,"5428cd4bc963c2e653a260c458a8a8edf3fa08ef^
5428cd4bc963c2e653a260c458a8a8edf3fa08ef
src/java/main/org/apache/zookeeper/server/quorum/Leader.java
src/java/main/org/apache/zookeeper/server/quorum/Leader.java"
zookeeper26,src/java/main/org/apache/zookeeper/server/quorum/QuorumZooKeeperServer.java,src/java/main/org/apache/zookeeper/server/quorum/QuorumZooKeeperServer.java,b71191f514a2eec512f795e43a25c64d48f0e4c7^,b71191f514a2eec512f795e43a25c64d48f0e4c7,src/java/main/org/apache/zookeeper/server/quorum/QuorumZooKeeperServer.java,63577ba52a829391ded3ae11c62c0e996865b5c7,"b71191f514a2eec512f795e43a25c64d48f0e4c7^
b71191f514a2eec512f795e43a25c64d48f0e4c7
src/java/main/org/apache/zookeeper/server/quorum/QuorumZooKeeperServer.java
src/java/main/org/apache/zookeeper/server/quorum/QuorumZooKeeperServer.java"
zookeeper27,src/java/main/org/apache/zookeeper/server/command/FourLetterCommands.java,src/java/main/org/apache/zookeeper/server/command/FourLetterCommands.java,5fe68506f217246c7ebd96803f9c78e13ec2f11a^,5fe68506f217246c7ebd96803f9c78e13ec2f11a,src/java/main/org/apache/zookeeper/server/command/FourLetterCommands.java,0313a0e0b6c47b316271533165e5830d1ca04478,"5fe68506f217246c7ebd96803f9c78e13ec2f11a^
5fe68506f217246c7ebd96803f9c78e13ec2f11a
src/java/main/org/apache/zookeeper/server/command/FourLetterCommands.java
src/java/main/org/apache/zookeeper/server/command/FourLetterCommands.java"
zookeeper28,src/java/main/org/apache/zookeeper/server/quorum/Leader.java,src/java/main/org/apache/zookeeper/server/quorum/Leader.java,a9a0624823d0704b766e5208079c232dce8f25ea^,a9a0624823d0704b766e5208079c232dce8f25ea,src/java/main/org/apache/zookeeper/server/quorum/Leader.java,fd211a5275b6231e668268fb9df2820e07f5f33c,"a9a0624823d0704b766e5208079c232dce8f25ea^
a9a0624823d0704b766e5208079c232dce8f25ea
src/java/main/org/apache/zookeeper/server/quorum/Leader.java
src/java/main/org/apache/zookeeper/server/quorum/Leader.java"
zookeeper29,src/java/main/org/apache/zookeeper/server/quorum/QuorumPeerMain.java,src/java/main/org/apache/zookeeper/server/quorum/QuorumPeerMain.java,b6320b80a4c08958d5b5028cf065cbcc57894a86^,b6320b80a4c08958d5b5028cf065cbcc57894a86,src/java/main/org/apache/zookeeper/server/quorum/QuorumPeerMain.java,201cac20e1a66e7d4180a6c7e18834c0ca6094dc,"b6320b80a4c08958d5b5028cf065cbcc57894a86^
b6320b80a4c08958d5b5028cf065cbcc57894a86
src/java/main/org/apache/zookeeper/server/quorum/QuorumPeerMain.java
src/java/main/org/apache/zookeeper/server/quorum/QuorumPeerMain.java"
zookeeper30,src/java/main/org/apache/zookeeper/cli/ReconfigCommand.java,src/java/main/org/apache/zookeeper/cli/ReconfigCommand.java,73e102a58d01b27bc6208bbfbde2d12f0deba1f4^,73e102a58d01b27bc6208bbfbde2d12f0deba1f4,src/java/main/org/apache/zookeeper/cli/ReconfigCommand.java,c5df1c9acec07036da225b1251cb30be60301224,"73e102a58d01b27bc6208bbfbde2d12f0deba1f4^
73e102a58d01b27bc6208bbfbde2d12f0deba1f4
src/java/main/org/apache/zookeeper/cli/ReconfigCommand.java
src/java/main/org/apache/zookeeper/cli/ReconfigCommand.java"
zookeeper31,zookeeper/java/src/com/yahoo/zookeeper/Version.java,zookeeper/java/src/com/yahoo/zookeeper/Version.java,cef8ad10d66a54d9d5969cd8ea1682f58798c316^,cef8ad10d66a54d9d5969cd8ea1682f58798c316,src/java/main/org/apache/zookeeper/Version.java,8771ffdaacb87126a485ae740558f6a288ab980b,"cef8ad10d66a54d9d5969cd8ea1682f58798c316^
cef8ad10d66a54d9d5969cd8ea1682f58798c316
zookeeper/java/src/com/yahoo/zookeeper/Version.java
zookeeper/java/src/com/yahoo/zookeeper/Version.java"
zookeeper32,src/java/main/org/apache/zookeeper/server/persistence/FileSnap.java,src/java/main/org/apache/zookeeper/server/persistence/FileSnap.java,bdcdc82e97512d6094ea25775a8d77c1597e1223^,bdcdc82e97512d6094ea25775a8d77c1597e1223,src/java/main/org/apache/zookeeper/server/persistence/FileSnap.java,762f4af65bb1056a582a6f36183a9e28fe0ccab8,"bdcdc82e97512d6094ea25775a8d77c1597e1223^
bdcdc82e97512d6094ea25775a8d77c1597e1223
src/java/main/org/apache/zookeeper/server/persistence/FileSnap.java
src/java/main/org/apache/zookeeper/server/persistence/FileSnap.java"
zookeeper33,src/java/main/org/apache/zookeeper/server/ServerConfig.java,src/java/main/org/apache/zookeeper/server/ServerConfig.java,b6320b80a4c08958d5b5028cf065cbcc57894a86^,b6320b80a4c08958d5b5028cf065cbcc57894a86,src/java/main/org/apache/zookeeper/server/ServerConfig.java,ef0a8ae686c100f1dc71d7526af962c635696466,"b6320b80a4c08958d5b5028cf065cbcc57894a86^
b6320b80a4c08958d5b5028cf065cbcc57894a86
src/java/main/org/apache/zookeeper/server/ServerConfig.java
src/java/main/org/apache/zookeeper/server/ServerConfig.java"
zookeeper34,src/java/main/org/apache/zookeeper/server/NIOServerCnxn.java,src/java/main/org/apache/zookeeper/server/NIOServerCnxn.java,30cff66e5efe6b99b7e7a2293061f0eea0def02f^,30cff66e5efe6b99b7e7a2293061f0eea0def02f,src/java/main/org/apache/zookeeper/server/NIOServerCnxn.java,eac693cc76a34f96b9116ef33d1e92af7129416d,"30cff66e5efe6b99b7e7a2293061f0eea0def02f^
30cff66e5efe6b99b7e7a2293061f0eea0def02f
src/java/main/org/apache/zookeeper/server/NIOServerCnxn.java
src/java/main/org/apache/zookeeper/server/NIOServerCnxn.java"
zookeeper35,src/java/main/org/apache/zookeeper/server/quorum/Learner.java,src/java/main/org/apache/zookeeper/server/quorum/Learner.java,5428cd4bc963c2e653a260c458a8a8edf3fa08ef^,5428cd4bc963c2e653a260c458a8a8edf3fa08ef,src/java/main/org/apache/zookeeper/server/quorum/Learner.java,c38787f355b6dcd612fc57db0202fc68a01108f7,"5428cd4bc963c2e653a260c458a8a8edf3fa08ef^
5428cd4bc963c2e653a260c458a8a8edf3fa08ef
src/java/main/org/apache/zookeeper/server/quorum/Learner.java
src/java/main/org/apache/zookeeper/server/quorum/Learner.java"
zookeeper36,src/java/main/org/apache/zookeeper/server/util/ConfigUtils.java,src/java/main/org/apache/zookeeper/server/util/ConfigUtils.java,bd2a1bc422f1a555bb8a4af23cf07bf67ae0459b^,bd2a1bc422f1a555bb8a4af23cf07bf67ae0459b,src/java/main/org/apache/zookeeper/server/util/ConfigUtils.java,d8c783d6def783b3208c73a83a09febbb719eefc,"bd2a1bc422f1a555bb8a4af23cf07bf67ae0459b^
bd2a1bc422f1a555bb8a4af23cf07bf67ae0459b
src/java/main/org/apache/zookeeper/server/util/ConfigUtils.java
src/java/main/org/apache/zookeeper/server/util/ConfigUtils.java"
zookeeper37,src/java/main/org/apache/zookeeper/server/quorum/Leader.java,src/java/main/org/apache/zookeeper/server/quorum/Leader.java,a8e0d7ba7d9797be3aa021fe23d5aef52ef39b91^,a8e0d7ba7d9797be3aa021fe23d5aef52ef39b91,src/java/main/org/apache/zookeeper/server/quorum/Leader.java,2cea41e38e7597a1d5901381f2fc72fce8625b7e,"a8e0d7ba7d9797be3aa021fe23d5aef52ef39b91^
a8e0d7ba7d9797be3aa021fe23d5aef52ef39b91
src/java/main/org/apache/zookeeper/server/quorum/Leader.java
src/java/main/org/apache/zookeeper/server/quorum/Leader.java"
zookeeper38,src/java/main/org/apache/zookeeper/server/auth/ProviderRegistry.java,src/java/main/org/apache/zookeeper/server/auth/ProviderRegistry.java,94e26732af2c3a2bf51c2e4e5bb4f86fbc9ca0fc^,94e26732af2c3a2bf51c2e4e5bb4f86fbc9ca0fc,src/java/main/org/apache/zookeeper/server/auth/ProviderRegistry.java,aa4a217ca85966ee135adb27804992e97ec18cbc,"94e26732af2c3a2bf51c2e4e5bb4f86fbc9ca0fc^
94e26732af2c3a2bf51c2e4e5bb4f86fbc9ca0fc
src/java/main/org/apache/zookeeper/server/auth/ProviderRegistry.java
src/java/main/org/apache/zookeeper/server/auth/ProviderRegistry.java"
zookeeper39,src/java/main/org/apache/zookeeper/Login.java,src/java/main/org/apache/zookeeper/Login.java,31b61db08a87b5939ea3fce5328d7ce69df536e6^,31b61db08a87b5939ea3fce5328d7ce69df536e6,src/java/main/org/apache/zookeeper/Login.java,bba49d85fc715a568bc6ee7bf9caf42ccb7e410b,"31b61db08a87b5939ea3fce5328d7ce69df536e6^
31b61db08a87b5939ea3fce5328d7ce69df536e6
src/java/main/org/apache/zookeeper/Login.java
src/java/main/org/apache/zookeeper/Login.java"
zookeeper40,src/java/main/org/apache/zookeeper/server/ZKDatabase.java,src/java/main/org/apache/zookeeper/server/ZKDatabase.java,336888446c310494f1ae1e39b81dc5a60cb5576f^,336888446c310494f1ae1e39b81dc5a60cb5576f,src/java/main/org/apache/zookeeper/server/ZKDatabase.java,a3d24843bcc298fa635cf447d35f901116b06cda,"336888446c310494f1ae1e39b81dc5a60cb5576f^
336888446c310494f1ae1e39b81dc5a60cb5576f
src/java/main/org/apache/zookeeper/server/ZKDatabase.java
src/java/main/org/apache/zookeeper/server/ZKDatabase.java"
zookeeper41,src/java/main/org/apache/zookeeper/server/persistence/FileTxnLog.java,src/java/main/org/apache/zookeeper/server/persistence/FileTxnLog.java,dad9038097c9ae699a32f812c6aa4410bf63b735^,dad9038097c9ae699a32f812c6aa4410bf63b735,src/java/main/org/apache/zookeeper/server/persistence/FileTxnLog.java,7e889d125f4a19f710dc9276402061ba6900e8a4,"dad9038097c9ae699a32f812c6aa4410bf63b735^
dad9038097c9ae699a32f812c6aa4410bf63b735
src/java/main/org/apache/zookeeper/server/persistence/FileTxnLog.java
src/java/main/org/apache/zookeeper/server/persistence/FileTxnLog.java"
zookeeper42,src/java/main/org/apache/zookeeper/client/ZooKeeperSaslClient.java,src/java/main/org/apache/zookeeper/client/ZooKeeperSaslClient.java,f910c936e37505a31ed8c140daa5bbee448c444f^,f910c936e37505a31ed8c140daa5bbee448c444f,src/java/main/org/apache/zookeeper/client/ZooKeeperSaslClient.java,153a7e64068644a56e69e29ff4a3a277af862bcb,"f910c936e37505a31ed8c140daa5bbee448c444f^
f910c936e37505a31ed8c140daa5bbee448c444f
src/java/main/org/apache/zookeeper/client/ZooKeeperSaslClient.java
src/java/main/org/apache/zookeeper/client/ZooKeeperSaslClient.java"
zookeeper43,src/java/main/org/apache/zookeeper/server/auth/ProviderRegistry.java,src/java/main/org/apache/zookeeper/server/auth/ProviderRegistry.java,809ebb2a300005265617ac7ce92694f688342ff4^,809ebb2a300005265617ac7ce92694f688342ff4,src/java/main/org/apache/zookeeper/server/auth/ProviderRegistry.java,b286cccd5a56aed88a7d74cffff87a09790ac97d,"809ebb2a300005265617ac7ce92694f688342ff4^
809ebb2a300005265617ac7ce92694f688342ff4
src/java/main/org/apache/zookeeper/server/auth/ProviderRegistry.java
src/java/main/org/apache/zookeeper/server/auth/ProviderRegistry.java"
zookeeper44,src/java/main/org/apache/zookeeper/server/quorum/LocalPeerBean.java,src/java/main/org/apache/zookeeper/server/quorum/LocalPeerBean.java,bd2a1bc422f1a555bb8a4af23cf07bf67ae0459b^,bd2a1bc422f1a555bb8a4af23cf07bf67ae0459b,src/java/main/org/apache/zookeeper/server/quorum/LocalPeerBean.java,8d11ef90f71733a59b28828ee84e9955f297d1e2,"bd2a1bc422f1a555bb8a4af23cf07bf67ae0459b^
bd2a1bc422f1a555bb8a4af23cf07bf67ae0459b
src/java/main/org/apache/zookeeper/server/quorum/LocalPeerBean.java
src/java/main/org/apache/zookeeper/server/quorum/LocalPeerBean.java"
zookeeper45,src/java/jmx/org/apache/zookeeper/jmx/server/ZooKeeperServerBean.java,src/java/jmx/org/apache/zookeeper/jmx/server/ZooKeeperServerBean.java,ed70d2edcb78a7e30ae60170ea986fb85e862b4b^,ed70d2edcb78a7e30ae60170ea986fb85e862b4b,src/java/main/org/apache/zookeeper/server/ZooKeeperServerBean.java,0a3f9d123af076341022ae81697257c5ff8a9428,"ed70d2edcb78a7e30ae60170ea986fb85e862b4b^
ed70d2edcb78a7e30ae60170ea986fb85e862b4b
src/java/jmx/org/apache/zookeeper/jmx/server/ZooKeeperServerBean.java
src/java/jmx/org/apache/zookeeper/jmx/server/ZooKeeperServerBean.java"
zookeeper46,src/java/main/org/apache/zookeeper/ClientCnxn.java,src/java/main/org/apache/zookeeper/ClientCnxn.java,c502e93d4f829dfe8060ef50cf369c23ec7cc78c^,c502e93d4f829dfe8060ef50cf369c23ec7cc78c,src/java/main/org/apache/zookeeper/ClientCnxn.java,9bb9b1d7016433ce98cd33be904ee1e77d484ffd,"c502e93d4f829dfe8060ef50cf369c23ec7cc78c^
c502e93d4f829dfe8060ef50cf369c23ec7cc78c
src/java/main/org/apache/zookeeper/ClientCnxn.java
src/java/main/org/apache/zookeeper/ClientCnxn.java"
zookeeper47,src/java/main/org/apache/zookeeper/server/quorum/QuorumPeer.java,src/java/main/org/apache/zookeeper/server/quorum/QuorumPeer.java,bd2a1bc422f1a555bb8a4af23cf07bf67ae0459b^,bd2a1bc422f1a555bb8a4af23cf07bf67ae0459b,src/java/main/org/apache/zookeeper/server/quorum/QuorumPeer.java,08cc9187d9eb327b2a71bc9a8c62636815dfe9e5,"bd2a1bc422f1a555bb8a4af23cf07bf67ae0459b^
bd2a1bc422f1a555bb8a4af23cf07bf67ae0459b
src/java/main/org/apache/zookeeper/server/quorum/QuorumPeer.java
src/java/main/org/apache/zookeeper/server/quorum/QuorumPeer.java"
zookeeper48,src/java/main/org/apache/zookeeper/server/quorum/QuorumPeerConfig.java,src/java/main/org/apache/zookeeper/server/quorum/QuorumPeerConfig.java,7af77531b0dd0e641e10bac1b25482df6b335b89^,7af77531b0dd0e641e10bac1b25482df6b335b89,src/java/main/org/apache/zookeeper/server/quorum/QuorumPeerConfig.java,b2f66fae04438602ee9b0092ac0c6657177e10e1,"7af77531b0dd0e641e10bac1b25482df6b335b89^
7af77531b0dd0e641e10bac1b25482df6b335b89
src/java/main/org/apache/zookeeper/server/quorum/QuorumPeerConfig.java
src/java/main/org/apache/zookeeper/server/quorum/QuorumPeerConfig.java"
zookeeper49,src/java/main/org/apache/zookeeper/server/quorum/QuorumPeer.java,src/java/main/org/apache/zookeeper/server/quorum/QuorumPeer.java,776db7808e27624aa125f1314b7fbb2196837507^,776db7808e27624aa125f1314b7fbb2196837507,src/java/main/org/apache/zookeeper/server/quorum/QuorumPeer.java,1ea6879ba784aacc1cd0b4a91967f64f51d7aae9,"776db7808e27624aa125f1314b7fbb2196837507^
776db7808e27624aa125f1314b7fbb2196837507
src/java/main/org/apache/zookeeper/server/quorum/QuorumPeer.java
src/java/main/org/apache/zookeeper/server/quorum/QuorumPeer.java"
zookeeper50,src/java/main/org/apache/zookeeper/server/quorum/RemotePeerBean.java,src/java/main/org/apache/zookeeper/server/quorum/RemotePeerBean.java,bd2a1bc422f1a555bb8a4af23cf07bf67ae0459b^,bd2a1bc422f1a555bb8a4af23cf07bf67ae0459b,src/java/main/org/apache/zookeeper/server/quorum/RemotePeerBean.java,239556e2344f75626b5c6c3f656508e797093011,"bd2a1bc422f1a555bb8a4af23cf07bf67ae0459b^
bd2a1bc422f1a555bb8a4af23cf07bf67ae0459b
src/java/main/org/apache/zookeeper/server/quorum/RemotePeerBean.java
src/java/main/org/apache/zookeeper/server/quorum/RemotePeerBean.java"
zookeeper51,src/java/main/org/apache/zookeeper/server/quorum/QuorumPeerConfig.java,src/java/main/org/apache/zookeeper/server/quorum/QuorumPeerConfig.java,af814bd812c1bad13f413004895de5ea1c781f78^,af814bd812c1bad13f413004895de5ea1c781f78,src/java/main/org/apache/zookeeper/server/quorum/QuorumPeerConfig.java,cfc9f24934f920ad45b8c522f0bd05220e5aaf74,"af814bd812c1bad13f413004895de5ea1c781f78^
af814bd812c1bad13f413004895de5ea1c781f78
src/java/main/org/apache/zookeeper/server/quorum/QuorumPeerConfig.java
src/java/main/org/apache/zookeeper/server/quorum/QuorumPeerConfig.java"
zookeeper52,zookeeper/java/src/com/yahoo/zookeeper/server/DataTree.java,zookeeper/java/src/com/yahoo/zookeeper/server/DataTree.java,90090902302f923a98b24185a56b392ca4144e54^,90090902302f923a98b24185a56b392ca4144e54,src/java/main/org/apache/zookeeper/server/DataTree.java,71dd96a232cb590e90601fde4bfafcd4eef1f82a,"90090902302f923a98b24185a56b392ca4144e54^
90090902302f923a98b24185a56b392ca4144e54
zookeeper/java/src/com/yahoo/zookeeper/server/DataTree.java
zookeeper/java/src/com/yahoo/zookeeper/server/DataTree.java"
zookeeper53,src/java/main/org/apache/zookeeper/MultiTransactionRecord.java,src/java/main/org/apache/zookeeper/MultiTransactionRecord.java,97a8c5be83c4468cd67fa412b715cbb4f312885e^,97a8c5be83c4468cd67fa412b715cbb4f312885e,src/java/main/org/apache/zookeeper/MultiTransactionRecord.java,3a7a240ef7381edf15925045e9f94408177e51cd,"97a8c5be83c4468cd67fa412b715cbb4f312885e^
97a8c5be83c4468cd67fa412b715cbb4f312885e
src/java/main/org/apache/zookeeper/MultiTransactionRecord.java
src/java/main/org/apache/zookeeper/MultiTransactionRecord.java"
zookeeper54,src/java/main/org/apache/zookeeper/ZooKeeperMain.java,src/java/main/org/apache/zookeeper/ZooKeeperMain.java,4d7af83cbc0156cae23b145e85b60f270c241462^,4d7af83cbc0156cae23b145e85b60f270c241462,src/java/main/org/apache/zookeeper/ZooKeeperMain.java,6edc5a35b403072d14b898229fff098fad479f3e,"4d7af83cbc0156cae23b145e85b60f270c241462^
4d7af83cbc0156cae23b145e85b60f270c241462
src/java/main/org/apache/zookeeper/ZooKeeperMain.java
src/java/main/org/apache/zookeeper/ZooKeeperMain.java"
zookeeper55,src/java/main/org/apache/zookeeper/server/quorum/QuorumPeerConfig.java,src/java/main/org/apache/zookeeper/server/quorum/QuorumPeerConfig.java,d25cfdf63fb4c7747c65d1f8298b4060b9776ae6^,d25cfdf63fb4c7747c65d1f8298b4060b9776ae6,src/java/main/org/apache/zookeeper/server/quorum/QuorumPeerConfig.java,7af77531b0dd0e641e10bac1b25482df6b335b89,"d25cfdf63fb4c7747c65d1f8298b4060b9776ae6^
d25cfdf63fb4c7747c65d1f8298b4060b9776ae6
src/java/main/org/apache/zookeeper/server/quorum/QuorumPeerConfig.java
src/java/main/org/apache/zookeeper/server/quorum/QuorumPeerConfig.java"
zookeeper56,src/java/main/org/apache/zookeeper/server/quorum/QuorumPeerConfig.java,src/java/main/org/apache/zookeeper/server/quorum/QuorumPeerConfig.java,02bec21a44c022ec6f065c5ced17864e58fa1ae8^,02bec21a44c022ec6f065c5ced17864e58fa1ae8,src/java/main/org/apache/zookeeper/server/quorum/QuorumPeerConfig.java,bad9ede36559615bb7eafe8e4d333f2c7c353faa,"02bec21a44c022ec6f065c5ced17864e58fa1ae8^
02bec21a44c022ec6f065c5ced17864e58fa1ae8
src/java/main/org/apache/zookeeper/server/quorum/QuorumPeerConfig.java
src/java/main/org/apache/zookeeper/server/quorum/QuorumPeerConfig.java"
zookeeper57,src/java/main/org/apache/zookeeper/client/HostProvider.java,src/java/main/org/apache/zookeeper/client/HostProvider.java,ed622598737b8e8d374a4a883ccd9a966377dbff^,ed622598737b8e8d374a4a883ccd9a966377dbff,src/java/main/org/apache/zookeeper/client/HostProvider.java,8cfb9a0efa5c8934eb3c95ca69566c718a37d9ca,"ed622598737b8e8d374a4a883ccd9a966377dbff^
ed622598737b8e8d374a4a883ccd9a966377dbff
src/java/main/org/apache/zookeeper/client/HostProvider.java
src/java/main/org/apache/zookeeper/client/HostProvider.java"
zookeeper58,src/java/main/org/apache/zookeeper/server/quorum/FastLeaderElection.java,src/java/main/org/apache/zookeeper/server/quorum/FastLeaderElection.java,0c6294e6cab2befc330b8a5c05ceeb156550c2fe^,0c6294e6cab2befc330b8a5c05ceeb156550c2fe,src/java/main/org/apache/zookeeper/server/quorum/FastLeaderElection.java,7e262c717d4b99972278ee1e112bdd81dd171c02,"0c6294e6cab2befc330b8a5c05ceeb156550c2fe^
0c6294e6cab2befc330b8a5c05ceeb156550c2fe
src/java/main/org/apache/zookeeper/server/quorum/FastLeaderElection.java
src/java/main/org/apache/zookeeper/server/quorum/FastLeaderElection.java"
zookeeper59,src/java/jmx/org/apache/zookeeper/jmx/server/quorum/RemotePeerBean.java,src/java/jmx/org/apache/zookeeper/jmx/server/quorum/RemotePeerBean.java,cfd2ecb8d049c1b51b2c1e6d5fd02edd5d3c26e8^,cfd2ecb8d049c1b51b2c1e6d5fd02edd5d3c26e8,src/java/main/org/apache/zookeeper/server/quorum/RemotePeerBean.java,7a929407de4704f6ed27958075caddc6cb3f6508,"cfd2ecb8d049c1b51b2c1e6d5fd02edd5d3c26e8^
cfd2ecb8d049c1b51b2c1e6d5fd02edd5d3c26e8
src/java/jmx/org/apache/zookeeper/jmx/server/quorum/RemotePeerBean.java
src/java/jmx/org/apache/zookeeper/jmx/server/quorum/RemotePeerBean.java"
zookeeper60,src/java/main/org/apache/zookeeper/client/StaticHostProvider.java,src/java/main/org/apache/zookeeper/client/StaticHostProvider.java,08014e67410fa8a5235e91f57ad302efeedb43a1^,08014e67410fa8a5235e91f57ad302efeedb43a1,src/java/main/org/apache/zookeeper/client/StaticHostProvider.java,85aac3dd0b1d925c20bacecc72c3da9940b296c7,"08014e67410fa8a5235e91f57ad302efeedb43a1^
08014e67410fa8a5235e91f57ad302efeedb43a1
src/java/main/org/apache/zookeeper/client/StaticHostProvider.java
src/java/main/org/apache/zookeeper/client/StaticHostProvider.java"
zookeeper61,src/java/main/org/apache/zookeeper/server/quorum/QuorumCnxManager.java,src/java/main/org/apache/zookeeper/server/quorum/QuorumCnxManager.java,0c6294e6cab2befc330b8a5c05ceeb156550c2fe^,0c6294e6cab2befc330b8a5c05ceeb156550c2fe,src/java/main/org/apache/zookeeper/server/quorum/QuorumCnxManager.java,d88a04ffdfa37cb80f4a8adf2d205d9a36b27840,"0c6294e6cab2befc330b8a5c05ceeb156550c2fe^
0c6294e6cab2befc330b8a5c05ceeb156550c2fe
src/java/main/org/apache/zookeeper/server/quorum/QuorumCnxManager.java
src/java/main/org/apache/zookeeper/server/quorum/QuorumCnxManager.java"
zookeeper62,src/java/main/org/apache/zookeeper/ClientCnxn.java,src/java/main/org/apache/zookeeper/ClientCnxn.java,f910c936e37505a31ed8c140daa5bbee448c444f^,f910c936e37505a31ed8c140daa5bbee448c444f,src/java/main/org/apache/zookeeper/ClientCnxn.java,2c7fbbecd7122815aa6072096be7c5737d04a670,"f910c936e37505a31ed8c140daa5bbee448c444f^
f910c936e37505a31ed8c140daa5bbee448c444f
src/java/main/org/apache/zookeeper/ClientCnxn.java
src/java/main/org/apache/zookeeper/ClientCnxn.java"
zookeeper63,zookeeper/java/src/com/yahoo/zookeeper/server/SessionTrackerImpl.java,zookeeper/java/src/com/yahoo/zookeeper/server/SessionTrackerImpl.java,2af055275751847a8202926173a76367f6f5d853^,2af055275751847a8202926173a76367f6f5d853,src/java/main/org/apache/zookeeper/server/SessionTrackerImpl.java,f271dac9f994770ef3ae389484f2d1519cc9f259,"2af055275751847a8202926173a76367f6f5d853^
2af055275751847a8202926173a76367f6f5d853
zookeeper/java/src/com/yahoo/zookeeper/server/SessionTrackerImpl.java
zookeeper/java/src/com/yahoo/zookeeper/server/SessionTrackerImpl.java"
zookeeper64,src/java/main/org/apache/zookeeper/server/NIOServerCnxn.java,src/java/main/org/apache/zookeeper/server/NIOServerCnxn.java,12878387483a4084c5a3beafbfae0172a44e5dcf^,12878387483a4084c5a3beafbfae0172a44e5dcf,src/java/main/org/apache/zookeeper/server/NIOServerCnxn.java,cdee4002b4b7d14413a5ed447dbbd146c5a99eee,"12878387483a4084c5a3beafbfae0172a44e5dcf^
12878387483a4084c5a3beafbfae0172a44e5dcf
src/java/main/org/apache/zookeeper/server/NIOServerCnxn.java
src/java/main/org/apache/zookeeper/server/NIOServerCnxn.java"
zookeeper65,src/java/main/org/apache/zookeeper/server/quorum/FastLeaderElection.java,src/java/main/org/apache/zookeeper/server/quorum/FastLeaderElection.java,f6521f7c29b1d330617aed3764ecc25ff73e2da1^,f6521f7c29b1d330617aed3764ecc25ff73e2da1,src/java/main/org/apache/zookeeper/server/quorum/FastLeaderElection.java,c6ee0139d58250ac07ddfa3692c9adec488339bf,"f6521f7c29b1d330617aed3764ecc25ff73e2da1^
f6521f7c29b1d330617aed3764ecc25ff73e2da1
src/java/main/org/apache/zookeeper/server/quorum/FastLeaderElection.java
src/java/main/org/apache/zookeeper/server/quorum/FastLeaderElection.java"
zookeeper66,src/java/main/org/apache/zookeeper/client/ZooKeeperSaslClient.java,src/java/main/org/apache/zookeeper/client/ZooKeeperSaslClient.java,987635edac8aa374a04ea130dfd81a03a635bf0d^,987635edac8aa374a04ea130dfd81a03a635bf0d,src/java/main/org/apache/zookeeper/client/ZooKeeperSaslClient.java,2cfb6cc4a2f78c35d6cd9d840c7b28d31f4ff80a,"987635edac8aa374a04ea130dfd81a03a635bf0d^
987635edac8aa374a04ea130dfd81a03a635bf0d
src/java/main/org/apache/zookeeper/client/ZooKeeperSaslClient.java
src/java/main/org/apache/zookeeper/client/ZooKeeperSaslClient.java"
zookeeper67,src/java/main/org/apache/zookeeper/client/ZooKeeperSaslClient.java,src/java/main/org/apache/zookeeper/client/ZooKeeperSaslClient.java,625b53c1ca89daf2aeb914eb66ed009bd2b994af^,625b53c1ca89daf2aeb914eb66ed009bd2b994af,src/java/main/org/apache/zookeeper/client/ZooKeeperSaslClient.java,85a22cac6e5059896d2ad7d273198621fed33174,"625b53c1ca89daf2aeb914eb66ed009bd2b994af^
625b53c1ca89daf2aeb914eb66ed009bd2b994af
src/java/main/org/apache/zookeeper/client/ZooKeeperSaslClient.java
src/java/main/org/apache/zookeeper/client/ZooKeeperSaslClient.java"
zookeeper68,src/java/main/org/apache/zookeeper/server/quorum/FollowerHandler.java,src/java/main/org/apache/zookeeper/server/quorum/FollowerHandler.java,3402537c1f8d8301b6e16e6cebc8c1e655aa14bf^,3402537c1f8d8301b6e16e6cebc8c1e655aa14bf,src/java/main/org/apache/zookeeper/server/quorum/LearnerHandler.java,eb1cb72922b1e974eadb8936df965d630261bd47,"3402537c1f8d8301b6e16e6cebc8c1e655aa14bf^
3402537c1f8d8301b6e16e6cebc8c1e655aa14bf
src/java/main/org/apache/zookeeper/server/quorum/FollowerHandler.java
src/java/main/org/apache/zookeeper/server/quorum/FollowerHandler.java"
zookeeper69,src/java/main/org/apache/zookeeper/client/ZooKeeperSaslClient.java,src/java/main/org/apache/zookeeper/client/ZooKeeperSaslClient.java,62a4165a376c7aff4675e43d7624ed5accf3dcf9^,62a4165a376c7aff4675e43d7624ed5accf3dcf9,src/java/main/org/apache/zookeeper/client/ZooKeeperSaslClient.java,8e29703235388d3e46de1c0c0517c94e929b7c6c,"62a4165a376c7aff4675e43d7624ed5accf3dcf9^
62a4165a376c7aff4675e43d7624ed5accf3dcf9
src/java/main/org/apache/zookeeper/client/ZooKeeperSaslClient.java
src/java/main/org/apache/zookeeper/client/ZooKeeperSaslClient.java"
zookeeper70,src/java/main/org/apache/zookeeper/server/quorum/ReadOnlyRequestProcessor.java,src/java/main/org/apache/zookeeper/server/quorum/ReadOnlyRequestProcessor.java,297517b5e1461400039aa7c4fdbbd246183a133f^,297517b5e1461400039aa7c4fdbbd246183a133f,src/java/main/org/apache/zookeeper/server/quorum/ReadOnlyRequestProcessor.java,67dd6fc9df3d33e40570095b52cd6858621c3ae0,"297517b5e1461400039aa7c4fdbbd246183a133f^
297517b5e1461400039aa7c4fdbbd246183a133f
src/java/main/org/apache/zookeeper/server/quorum/ReadOnlyRequestProcessor.java
src/java/main/org/apache/zookeeper/server/quorum/ReadOnlyRequestProcessor.java"
zookeeper71,src/java/main/org/apache/zookeeper/client/ZooKeeperSaslClient.java,src/java/main/org/apache/zookeeper/client/ZooKeeperSaslClient.java,fe34bbf0117245bc99f5dd2fbfba2fa694e14ad6^,fe34bbf0117245bc99f5dd2fbfba2fa694e14ad6,src/java/main/org/apache/zookeeper/client/ZooKeeperSaslClient.java,46cbf07c4e6da3d9897ecc2373f9a0996ed730d2,"fe34bbf0117245bc99f5dd2fbfba2fa694e14ad6^
fe34bbf0117245bc99f5dd2fbfba2fa694e14ad6
src/java/main/org/apache/zookeeper/client/ZooKeeperSaslClient.java
src/java/main/org/apache/zookeeper/client/ZooKeeperSaslClient.java"
zookeeper72,zookeeper/java/src/com/yahoo/jute/BinaryInputArchive.java,zookeeper/java/src/com/yahoo/jute/BinaryInputArchive.java,ae74147efc8f3dffe6c68ec7ef30f222be63b396^,ae74147efc8f3dffe6c68ec7ef30f222be63b396,src/java/main/org/apache/jute/BinaryInputArchive.java,df984c4c438971f1fea05d9d1cb00742c0eb64e7,"ae74147efc8f3dffe6c68ec7ef30f222be63b396^
ae74147efc8f3dffe6c68ec7ef30f222be63b396
zookeeper/java/src/com/yahoo/jute/BinaryInputArchive.java
zookeeper/java/src/com/yahoo/jute/BinaryInputArchive.java"
zookeeper73,src/java/main/org/apache/zookeeper/server/NIOServerCnxn.java,src/java/main/org/apache/zookeeper/server/NIOServerCnxn.java,2a8a3063d64fb935ca4136ba10bb15efeb97d52e^,2a8a3063d64fb935ca4136ba10bb15efeb97d52e,src/java/main/org/apache/zookeeper/server/NIOServerCnxn.java,395b5effc712bb8d960ab0f2c2ee6f6fdb47140c,"2a8a3063d64fb935ca4136ba10bb15efeb97d52e^
2a8a3063d64fb935ca4136ba10bb15efeb97d52e
src/java/main/org/apache/zookeeper/server/NIOServerCnxn.java
src/java/main/org/apache/zookeeper/server/NIOServerCnxn.java"
zookeeper74,src/java/main/org/apache/zookeeper/server/SessionTrackerImpl.java,src/java/main/org/apache/zookeeper/server/SessionTrackerImpl.java,0057dcb78313be28ae16b7e84c873191471dceee^,0057dcb78313be28ae16b7e84c873191471dceee,src/java/main/org/apache/zookeeper/server/SessionTrackerImpl.java,139d1d9c4b78424708b01f239211ed83e9279fc6,"0057dcb78313be28ae16b7e84c873191471dceee^
0057dcb78313be28ae16b7e84c873191471dceee
src/java/main/org/apache/zookeeper/server/SessionTrackerImpl.java
src/java/main/org/apache/zookeeper/server/SessionTrackerImpl.java"
zookeeper75,src/java/main/org/apache/zookeeper/server/quorum/LeaderBean.java,src/java/main/org/apache/zookeeper/server/quorum/LeaderBean.java,0957b8404e1ecfc5703d7c2827752773b7dc23be^,0957b8404e1ecfc5703d7c2827752773b7dc23be,src/java/main/org/apache/zookeeper/server/quorum/LeaderBean.java,257a00aa97cd21c967ad620c3119a86295f1b794,"0957b8404e1ecfc5703d7c2827752773b7dc23be^
0957b8404e1ecfc5703d7c2827752773b7dc23be
src/java/main/org/apache/zookeeper/server/quorum/LeaderBean.java
src/java/main/org/apache/zookeeper/server/quorum/LeaderBean.java"
zookeeper76,zookeeper/java/src/com/yahoo/zookeeper/server/quorum/LeaderZooKeeperServer.java,zookeeper/java/src/com/yahoo/zookeeper/server/quorum/LeaderZooKeeperServer.java,2af055275751847a8202926173a76367f6f5d853^,2af055275751847a8202926173a76367f6f5d853,src/java/main/org/apache/zookeeper/server/quorum/LeaderZooKeeperServer.java,73af50a8a91cee9d3d95a373df7ecb12825f5545,"2af055275751847a8202926173a76367f6f5d853^
2af055275751847a8202926173a76367f6f5d853
zookeeper/java/src/com/yahoo/zookeeper/server/quorum/LeaderZooKeeperServer.java
zookeeper/java/src/com/yahoo/zookeeper/server/quorum/LeaderZooKeeperServer.java"
zookeeper77,zookeeper/java/src/com/yahoo/zookeeper/server/quorum/Leader.java,zookeeper/java/src/com/yahoo/zookeeper/server/quorum/Leader.java,7f56417f9404afb0f8975b0fe616433ab75a5de8^,7f56417f9404afb0f8975b0fe616433ab75a5de8,src/java/main/org/apache/zookeeper/server/quorum/Leader.java,568940921eb9c79e7f99d096970521c96cdf5588,"7f56417f9404afb0f8975b0fe616433ab75a5de8^
7f56417f9404afb0f8975b0fe616433ab75a5de8
zookeeper/java/src/com/yahoo/zookeeper/server/quorum/Leader.java
zookeeper/java/src/com/yahoo/zookeeper/server/quorum/Leader.java"
zookeeper78,src/java/main/org/apache/zookeeper/server/quorum/Leader.java,src/java/main/org/apache/zookeeper/server/quorum/Leader.java,73674f77cc30b9b0ed36f0032193362363c54bdd^,73674f77cc30b9b0ed36f0032193362363c54bdd,src/java/main/org/apache/zookeeper/server/quorum/Leader.java,1a556bd13b9a1e250ec2279fb3ba92dc9ba2d69c,"73674f77cc30b9b0ed36f0032193362363c54bdd^
73674f77cc30b9b0ed36f0032193362363c54bdd
src/java/main/org/apache/zookeeper/server/quorum/Leader.java
src/java/main/org/apache/zookeeper/server/quorum/Leader.java"
zookeeper79,src/java/main/org/apache/zookeeper/server/quorum/Learner.java,src/java/main/org/apache/zookeeper/server/quorum/Learner.java,776db7808e27624aa125f1314b7fbb2196837507^,776db7808e27624aa125f1314b7fbb2196837507,src/java/main/org/apache/zookeeper/server/quorum/Learner.java,f8f15de5fe447409a2987262b8e878be224dab25,"776db7808e27624aa125f1314b7fbb2196837507^
776db7808e27624aa125f1314b7fbb2196837507
src/java/main/org/apache/zookeeper/server/quorum/Learner.java
src/java/main/org/apache/zookeeper/server/quorum/Learner.java"
zookeeper80,src/java/main/org/apache/zookeeper/ClientCnxnSocketNIO.java,src/java/main/org/apache/zookeeper/ClientCnxnSocketNIO.java,12f70403c6fdc4a94e6bfa0a66ddabe7f81c3afc^,12f70403c6fdc4a94e6bfa0a66ddabe7f81c3afc,src/java/main/org/apache/zookeeper/ClientCnxnSocketNIO.java,736e27df12ffab4139aec95207c7fef1ca114509,"12f70403c6fdc4a94e6bfa0a66ddabe7f81c3afc^
12f70403c6fdc4a94e6bfa0a66ddabe7f81c3afc
src/java/main/org/apache/zookeeper/ClientCnxnSocketNIO.java
src/java/main/org/apache/zookeeper/ClientCnxnSocketNIO.java"
zookeeper81,src/java/main/org/apache/zookeeper/server/quorum/QuorumPeer.java,src/java/main/org/apache/zookeeper/server/quorum/QuorumPeer.java,d57806527fc3b543d3bf96240db11b15075136eb^,d57806527fc3b543d3bf96240db11b15075136eb,src/java/main/org/apache/zookeeper/server/quorum/QuorumPeer.java,aa786021bc3939ee79f8fde0a3fbcfbdeff69272,"d57806527fc3b543d3bf96240db11b15075136eb^
d57806527fc3b543d3bf96240db11b15075136eb
src/java/main/org/apache/zookeeper/server/quorum/QuorumPeer.java
src/java/main/org/apache/zookeeper/server/quorum/QuorumPeer.java"
zookeeper82,src/java/main/org/apache/zookeeper/ZooKeeperMain.java,src/java/main/org/apache/zookeeper/ZooKeeperMain.java,76e038779ec1e22225d0ca69f5a1284ce3a46f32^,76e038779ec1e22225d0ca69f5a1284ce3a46f32,src/java/main/org/apache/zookeeper/ZooKeeperMain.java,2504f4fb30c84af2b46f033f72e51c1eee86caee,"76e038779ec1e22225d0ca69f5a1284ce3a46f32^
76e038779ec1e22225d0ca69f5a1284ce3a46f32
src/java/main/org/apache/zookeeper/ZooKeeperMain.java
src/java/main/org/apache/zookeeper/ZooKeeperMain.java"
zookeeper83,src/java/main/org/apache/zookeeper/server/PrepRequestProcessor.java,src/java/main/org/apache/zookeeper/server/PrepRequestProcessor.java,dbd65f592ba1398b9b8ac371917cb2b9e65eaff2^,dbd65f592ba1398b9b8ac371917cb2b9e65eaff2,src/java/main/org/apache/zookeeper/server/PrepRequestProcessor.java,7307c9825187d3f3debf3b252ad5590965d9b56d,"dbd65f592ba1398b9b8ac371917cb2b9e65eaff2^
dbd65f592ba1398b9b8ac371917cb2b9e65eaff2
src/java/main/org/apache/zookeeper/server/PrepRequestProcessor.java
src/java/main/org/apache/zookeeper/server/PrepRequestProcessor.java"
zookeeper84,src/java/main/org/apache/zookeeper/ClientCnxnSocketNIO.java,src/java/main/org/apache/zookeeper/ClientCnxnSocketNIO.java,9598a30a6620cc336f860cee56916022f7985890^,9598a30a6620cc336f860cee56916022f7985890,src/java/main/org/apache/zookeeper/ClientCnxnSocketNIO.java,12f70403c6fdc4a94e6bfa0a66ddabe7f81c3afc,"9598a30a6620cc336f860cee56916022f7985890^
9598a30a6620cc336f860cee56916022f7985890
src/java/main/org/apache/zookeeper/ClientCnxnSocketNIO.java
src/java/main/org/apache/zookeeper/ClientCnxnSocketNIO.java"
zookeeper85,src/java/main/org/apache/zookeeper/ClientCnxnSocketNIO.java,src/java/main/org/apache/zookeeper/ClientCnxnSocketNIO.java,de7289d3a1018fb18ca1818b4a2aee09ec2e0562^,de7289d3a1018fb18ca1818b4a2aee09ec2e0562,src/java/main/org/apache/zookeeper/ClientCnxnSocketNIO.java,9598a30a6620cc336f860cee56916022f7985890,"de7289d3a1018fb18ca1818b4a2aee09ec2e0562^
de7289d3a1018fb18ca1818b4a2aee09ec2e0562
src/java/main/org/apache/zookeeper/ClientCnxnSocketNIO.java
src/java/main/org/apache/zookeeper/ClientCnxnSocketNIO.java"
zookeeper86,src/java/main/org/apache/zookeeper/server/quorum/LearnerHandler.java,src/java/main/org/apache/zookeeper/server/quorum/LearnerHandler.java,776db7808e27624aa125f1314b7fbb2196837507^,776db7808e27624aa125f1314b7fbb2196837507,src/java/main/org/apache/zookeeper/server/quorum/LearnerHandler.java,43776e4fa233eeda2bdbbb3ca4db5030d2a51a9d,"776db7808e27624aa125f1314b7fbb2196837507^
776db7808e27624aa125f1314b7fbb2196837507
src/java/main/org/apache/zookeeper/server/quorum/LearnerHandler.java
src/java/main/org/apache/zookeeper/server/quorum/LearnerHandler.java"
zookeeper87,src/java/main/org/apache/zookeeper/ZooKeeper.java,src/java/main/org/apache/zookeeper/ZooKeeper.java,9be9a3a1d03d6f78b4e55423d15f46c5d3a82f74^,9be9a3a1d03d6f78b4e55423d15f46c5d3a82f74,src/java/main/org/apache/zookeeper/ZooKeeper.java,a7bcf047f577949e96396588d23fde0107ff3b19,"9be9a3a1d03d6f78b4e55423d15f46c5d3a82f74^
9be9a3a1d03d6f78b4e55423d15f46c5d3a82f74
src/java/main/org/apache/zookeeper/ZooKeeper.java
src/java/main/org/apache/zookeeper/ZooKeeper.java"
zookeeper88,src/java/main/org/apache/zookeeper/ZooKeeper.java,src/java/main/org/apache/zookeeper/ZooKeeper.java,634243cc4bb695e1679584dc80af8e33172309ad^,634243cc4bb695e1679584dc80af8e33172309ad,src/java/main/org/apache/zookeeper/ZooKeeper.java,1d6325605f1c6344c045839c043d239a6612d18a,"634243cc4bb695e1679584dc80af8e33172309ad^
634243cc4bb695e1679584dc80af8e33172309ad
src/java/main/org/apache/zookeeper/ZooKeeper.java
src/java/main/org/apache/zookeeper/ZooKeeper.java"
zookeeper89,src/java/main/org/apache/zookeeper/server/quorum/QuorumPeer.java,src/java/main/org/apache/zookeeper/server/quorum/QuorumPeer.java,9be9a3a1d03d6f78b4e55423d15f46c5d3a82f74^,9be9a3a1d03d6f78b4e55423d15f46c5d3a82f74,src/java/main/org/apache/zookeeper/server/quorum/QuorumPeer.java,611e0364c198c39ab0445c35da04820bd8a0c3f2,"9be9a3a1d03d6f78b4e55423d15f46c5d3a82f74^
9be9a3a1d03d6f78b4e55423d15f46c5d3a82f74
src/java/main/org/apache/zookeeper/server/quorum/QuorumPeer.java
src/java/main/org/apache/zookeeper/server/quorum/QuorumPeer.java"
zookeeper90,src/java/main/org/apache/zookeeper/ClientWatchManager.java,src/java/main/org/apache/zookeeper/ClientWatchManager.java,d349e7bd5ec70f62f75c6bd3c986fcd29e1b3a4c^,d349e7bd5ec70f62f75c6bd3c986fcd29e1b3a4c,src/java/main/org/apache/zookeeper/ClientWatchManager.java,977c21435abdf6bd04eb030d85edd532d9768b3b,"d349e7bd5ec70f62f75c6bd3c986fcd29e1b3a4c^
d349e7bd5ec70f62f75c6bd3c986fcd29e1b3a4c
src/java/main/org/apache/zookeeper/ClientWatchManager.java
src/java/main/org/apache/zookeeper/ClientWatchManager.java"
zookeeper91,src/java/main/org/apache/zookeeper/server/quorum/QuorumPeer.java,src/java/main/org/apache/zookeeper/server/quorum/QuorumPeer.java,ea54ef0825c6670cc6714e749d391f477420b118^,ea54ef0825c6670cc6714e749d391f477420b118,src/java/main/org/apache/zookeeper/server/quorum/QuorumPeer.java,2be6b4dc25b55d86d15a68519a8b19630feaa4de,"ea54ef0825c6670cc6714e749d391f477420b118^
ea54ef0825c6670cc6714e749d391f477420b118
src/java/main/org/apache/zookeeper/server/quorum/QuorumPeer.java
src/java/main/org/apache/zookeeper/server/quorum/QuorumPeer.java"
zookeeper92,src/java/main/org/apache/zookeeper/server/quorum/QuorumPeerConfig.java,src/java/main/org/apache/zookeeper/server/quorum/QuorumPeerConfig.java,b99ef6bc93b7d27ee9359bcd1b4d56856445394d^,b99ef6bc93b7d27ee9359bcd1b4d56856445394d,src/java/main/org/apache/zookeeper/server/quorum/QuorumPeerConfig.java,1e4ed1c912a45fc8c36a4f4008b228fa55a891b5,"b99ef6bc93b7d27ee9359bcd1b4d56856445394d^
b99ef6bc93b7d27ee9359bcd1b4d56856445394d
src/java/main/org/apache/zookeeper/server/quorum/QuorumPeerConfig.java
src/java/main/org/apache/zookeeper/server/quorum/QuorumPeerConfig.java"
zookeeper93,src/java/main/org/apache/zookeeper/server/quorum/QuorumPeer.java,src/java/main/org/apache/zookeeper/server/quorum/QuorumPeer.java,e936eceb9e75aee9f2cd245b9cc7709a2e7b4ded^,e936eceb9e75aee9f2cd245b9cc7709a2e7b4ded,src/java/main/org/apache/zookeeper/server/quorum/QuorumPeer.java,858e308a70a831bcd6e131bae7d72449ec8ee7f8,"e936eceb9e75aee9f2cd245b9cc7709a2e7b4ded^
e936eceb9e75aee9f2cd245b9cc7709a2e7b4ded
src/java/main/org/apache/zookeeper/server/quorum/QuorumPeer.java
src/java/main/org/apache/zookeeper/server/quorum/QuorumPeer.java"
zookeeper94,src/contrib/bookkeeper/src/java/org/apache/bookkeeper/proto/BookieServer.java,src/contrib/bookkeeper/src/java/org/apache/bookkeeper/proto/BookieServer.java,e0316743684e9ef208cfe68efc28929ecfad5e67^,e0316743684e9ef208cfe68efc28929ecfad5e67,src/contrib/bookkeeper/src/java/org/apache/bookkeeper/proto/BookieServer.java,575c53253bf9f548f342c3371d05bc00d2c2363d,"e0316743684e9ef208cfe68efc28929ecfad5e67^
e0316743684e9ef208cfe68efc28929ecfad5e67
src/contrib/bookkeeper/src/java/org/apache/bookkeeper/proto/BookieServer.java
src/contrib/bookkeeper/src/java/org/apache/bookkeeper/proto/BookieServer.java"
zookeeper95,src/java/main/org/apache/zookeeper/server/quorum/Follower.java,src/java/main/org/apache/zookeeper/server/quorum/Follower.java,da1e988798fd0336a893e16e94d699e6b156c941,0957b8404e1ecfc5703d7c2827752773b7dc23be,src/java/main/org/apache/zookeeper/server/quorum/Follower.java,4bbdfaf41ee86b55eb19073d1ec848eda1377290,"da1e988798fd0336a893e16e94d699e6b156c941
0957b8404e1ecfc5703d7c2827752773b7dc23be
src/java/main/org/apache/zookeeper/server/quorum/Follower.java
src/java/main/org/apache/zookeeper/server/quorum/Follower.java"
zookeeper96,src/java/main/org/apache/zookeeper/ClientCnxn.java,src/java/main/org/apache/zookeeper/ClientCnxn.java,c6639c9842973a7954c8baa412d6825cb833d51f^,c6639c9842973a7954c8baa412d6825cb833d51f,src/java/main/org/apache/zookeeper/ClientCnxn.java,d43038a0c8b8881fb4624ef20a7b30b8511e6b24,"c6639c9842973a7954c8baa412d6825cb833d51f^
c6639c9842973a7954c8baa412d6825cb833d51f
src/java/main/org/apache/zookeeper/ClientCnxn.java
src/java/main/org/apache/zookeeper/ClientCnxn.java"
zookeeper97,src/java/main/org/apache/zookeeper/Watcher.java,src/java/main/org/apache/zookeeper/Watcher.java,d349e7bd5ec70f62f75c6bd3c986fcd29e1b3a4c^,d349e7bd5ec70f62f75c6bd3c986fcd29e1b3a4c,src/java/main/org/apache/zookeeper/Watcher.java,b6c3c7a94bbe873afcf7e25f98344d5dcb25b2d0,"d349e7bd5ec70f62f75c6bd3c986fcd29e1b3a4c^
d349e7bd5ec70f62f75c6bd3c986fcd29e1b3a4c
src/java/main/org/apache/zookeeper/Watcher.java
src/java/main/org/apache/zookeeper/Watcher.java"
zookeeper98,src/java/main/org/apache/zookeeper/server/quorum/QuorumPeerConfig.java,src/java/main/org/apache/zookeeper/server/quorum/QuorumPeerConfig.java,53b690967c97dd30d463f69653c9dccdd7502c3d,b6320b80a4c08958d5b5028cf065cbcc57894a86,src/java/main/org/apache/zookeeper/server/quorum/QuorumPeerConfig.java,46c1493fac179d12acd5ac33aadae6549a0dd2fd,"53b690967c97dd30d463f69653c9dccdd7502c3d
b6320b80a4c08958d5b5028cf065cbcc57894a86
src/java/main/org/apache/zookeeper/server/quorum/QuorumPeerConfig.java
src/java/main/org/apache/zookeeper/server/quorum/QuorumPeerConfig.java"
zookeeper99,src/contrib/bookkeeper/src/java/org/apache/bookkeeper/util/LocalBookKeeper.java,src/contrib/bookkeeper/src/java/org/apache/bookkeeper/util/LocalBookKeeper.java,618b01886c3fc18fdca9cbe36eacc3615d72563a^,618b01886c3fc18fdca9cbe36eacc3615d72563a,src/contrib/bookkeeper/src/java/org/apache/bookkeeper/util/LocalBookKeeper.java,a4f6dc7cbc951b9520347a773c09d60721b1cab0,"618b01886c3fc18fdca9cbe36eacc3615d72563a^
618b01886c3fc18fdca9cbe36eacc3615d72563a
src/contrib/bookkeeper/src/java/org/apache/bookkeeper/util/LocalBookKeeper.java
src/contrib/bookkeeper/src/java/org/apache/bookkeeper/util/LocalBookKeeper.java"
zookeeper100,src/java/main/org/apache/zookeeper/server/quorum/Leader.java,src/java/main/org/apache/zookeeper/server/quorum/Leader.java,debd8a0368f8c81af33691c9d402990bb0976fd5^,debd8a0368f8c81af33691c9d402990bb0976fd5,src/java/main/org/apache/zookeeper/server/quorum/Leader.java,2678baf5c1e0789d3acead9e91ac7f64e70d7e48,"debd8a0368f8c81af33691c9d402990bb0976fd5^
debd8a0368f8c81af33691c9d402990bb0976fd5
src/java/main/org/apache/zookeeper/server/quorum/Leader.java
src/java/main/org/apache/zookeeper/server/quorum/Leader.java"
zookeeper101,src/java/main/org/apache/zookeeper/server/quorum/Leader.java,src/java/main/org/apache/zookeeper/server/quorum/Leader.java,3ba0a5450cb5340a39154f872d920a580648de3c^,3ba0a5450cb5340a39154f872d920a580648de3c,src/java/main/org/apache/zookeeper/server/quorum/Leader.java,debd8a0368f8c81af33691c9d402990bb0976fd5,"3ba0a5450cb5340a39154f872d920a580648de3c^
3ba0a5450cb5340a39154f872d920a580648de3c
src/java/main/org/apache/zookeeper/server/quorum/Leader.java
src/java/main/org/apache/zookeeper/server/quorum/Leader.java"
zookeeper102,src/contrib/bookkeeper/src/java/org/apache/bookkeeper/client/LedgerHandle.java,src/contrib/bookkeeper/src/java/org/apache/bookkeeper/client/LedgerHandle.java,e1a1ee81f1aa930cae20fa3fc76485e45a95f066^,e1a1ee81f1aa930cae20fa3fc76485e45a95f066,src/contrib/bookkeeper/src/java/org/apache/bookkeeper/client/LedgerHandle.java,8953aabcb954bcd8f6827d450f70b77e2a6e81ca,"e1a1ee81f1aa930cae20fa3fc76485e45a95f066^
e1a1ee81f1aa930cae20fa3fc76485e45a95f066
src/contrib/bookkeeper/src/java/org/apache/bookkeeper/client/LedgerHandle.java
src/contrib/bookkeeper/src/java/org/apache/bookkeeper/client/LedgerHandle.java"
zookeeper103,zookeeper/java/src/com/yahoo/jute/compiler/JRecord.java,zookeeper/java/src/com/yahoo/jute/compiler/JRecord.java,1061ac279cd4785951219c1c1631c4156de913fc^,1061ac279cd4785951219c1c1631c4156de913fc,src/java/main/org/apache/jute/compiler/JRecord.java,73719a1081b542fa7557513a0535fcb9c503ab64,"1061ac279cd4785951219c1c1631c4156de913fc^
1061ac279cd4785951219c1c1631c4156de913fc
zookeeper/java/src/com/yahoo/jute/compiler/JRecord.java
zookeeper/java/src/com/yahoo/jute/compiler/JRecord.java"
zookeeper104,src/java/main/org/apache/zookeeper/server/quorum/QuorumPeer.java,src/java/main/org/apache/zookeeper/server/quorum/QuorumPeer.java,f4138613a151f0383bf55ea0608708acbe070cc5^,f4138613a151f0383bf55ea0608708acbe070cc5,src/java/main/org/apache/zookeeper/server/quorum/QuorumPeer.java,5749256a08bb3d9cc584a285938bdf14a36dec66,"f4138613a151f0383bf55ea0608708acbe070cc5^
f4138613a151f0383bf55ea0608708acbe070cc5
src/java/main/org/apache/zookeeper/server/quorum/QuorumPeer.java
src/java/main/org/apache/zookeeper/server/quorum/QuorumPeer.java"
zookeeper105,src/java/main/org/apache/zookeeper/server/SyncRequestProcessor.java,src/java/main/org/apache/zookeeper/server/SyncRequestProcessor.java,f9413133fdc674bb7b9de43cdd652df416f4a9f0^,f9413133fdc674bb7b9de43cdd652df416f4a9f0,src/java/main/org/apache/zookeeper/server/SyncRequestProcessor.java,f4138613a151f0383bf55ea0608708acbe070cc5,"f9413133fdc674bb7b9de43cdd652df416f4a9f0^
f9413133fdc674bb7b9de43cdd652df416f4a9f0
src/java/main/org/apache/zookeeper/server/SyncRequestProcessor.java
src/java/main/org/apache/zookeeper/server/SyncRequestProcessor.java"
zookeeper106,zookeeper/java/src/com/yahoo/zookeeper/server/quorum/FollowerHandler.java,zookeeper/java/src/com/yahoo/zookeeper/server/quorum/FollowerHandler.java,e1e8bffbc2f3bcb28cd59b4a54568c26cf92cc8e^,e1e8bffbc2f3bcb28cd59b4a54568c26cf92cc8e,src/java/main/org/apache/zookeeper/server/quorum/LearnerHandler.java,42e23d3a7d70964d177e9c10cae736912aff5521,"e1e8bffbc2f3bcb28cd59b4a54568c26cf92cc8e^
e1e8bffbc2f3bcb28cd59b4a54568c26cf92cc8e
zookeeper/java/src/com/yahoo/zookeeper/server/quorum/FollowerHandler.java
zookeeper/java/src/com/yahoo/zookeeper/server/quorum/FollowerHandler.java"
zookeeper107,src/java/main/org/apache/zookeeper/server/quorum/Leader.java,src/java/main/org/apache/zookeeper/server/quorum/Leader.java,c6639c9842973a7954c8baa412d6825cb833d51f^,c6639c9842973a7954c8baa412d6825cb833d51f,src/java/main/org/apache/zookeeper/server/quorum/Leader.java,df20416c08fa0079d96f6327d10c6f102ebabd85,"c6639c9842973a7954c8baa412d6825cb833d51f^
c6639c9842973a7954c8baa412d6825cb833d51f
src/java/main/org/apache/zookeeper/server/quorum/Leader.java
src/java/main/org/apache/zookeeper/server/quorum/Leader.java"
zookeeper108,src/java/main/org/apache/zookeeper/server/NIOServerCnxn.java,src/java/main/org/apache/zookeeper/server/NIOServerCnxn.java,0a81c16c4c921ef52179b943dd046fc72022ccc6,cff0aedb1891cc1595cb19e28533f2b5c7a3e6a0,src/java/main/org/apache/zookeeper/server/NIOServerCnxn.java,ab5aa8c07299b04cccf3d2ca8b5c59db4f69af56,"0a81c16c4c921ef52179b943dd046fc72022ccc6
cff0aedb1891cc1595cb19e28533f2b5c7a3e6a0
src/java/main/org/apache/zookeeper/server/NIOServerCnxn.java
src/java/main/org/apache/zookeeper/server/NIOServerCnxn.java"
zookeeper109,src/java/main/org/apache/zookeeper/server/persistence/FileTxnLog.java,src/java/main/org/apache/zookeeper/server/persistence/FileTxnLog.java,a79aaf38e4842f419269bdebf3bd1409bac81f7e^,a79aaf38e4842f419269bdebf3bd1409bac81f7e,src/java/main/org/apache/zookeeper/server/persistence/FileTxnLog.java,0051cd26087492fe393932d9fdac1f7bff8b7ac4,"a79aaf38e4842f419269bdebf3bd1409bac81f7e^
a79aaf38e4842f419269bdebf3bd1409bac81f7e
src/java/main/org/apache/zookeeper/server/persistence/FileTxnLog.java
src/java/main/org/apache/zookeeper/server/persistence/FileTxnLog.java"
zookeeper110,src/java/main/org/apache/zookeeper/WatchedEvent.java,src/java/main/org/apache/zookeeper/WatchedEvent.java,acfce8b8fc08928097572c261980e7ccb6d041a7^,acfce8b8fc08928097572c261980e7ccb6d041a7,src/java/main/org/apache/zookeeper/WatchedEvent.java,6d3844bf7716e379e4974df39ca524fab886e149,"acfce8b8fc08928097572c261980e7ccb6d041a7^
acfce8b8fc08928097572c261980e7ccb6d041a7
src/java/main/org/apache/zookeeper/WatchedEvent.java
src/java/main/org/apache/zookeeper/WatchedEvent.java"
zookeeper111,zookeeper/java/src/com/yahoo/zookeeper/server/quorum/QuorumCnxManager.java,src/java/main/org/apache/zookeeper/server/quorum/QuorumCnxManager.java,7f56417f9404afb0f8975b0fe616433ab75a5de8,c472d685e02ced4448054b3d8a83a1b669dee58e,src/java/main/org/apache/zookeeper/server/quorum/QuorumCnxManager.java,773ed4078caf8d9b85330dc7d3aa91b330690e60,"7f56417f9404afb0f8975b0fe616433ab75a5de8
c472d685e02ced4448054b3d8a83a1b669dee58e
zookeeper/java/src/com/yahoo/zookeeper/server/quorum/QuorumCnxManager.java
src/java/main/org/apache/zookeeper/server/quorum/QuorumCnxManager.java"
zookeeper112,src/contrib/bookkeeper/src/java/org/apache/bookkeeper/util/LocalBookKeeper.java,src/contrib/bookkeeper/src/java/org/apache/bookkeeper/util/LocalBookKeeper.java,79de509219862735d0db1ff966aacb67430e0c89^,79de509219862735d0db1ff966aacb67430e0c89,src/contrib/bookkeeper/src/java/org/apache/bookkeeper/util/LocalBookKeeper.java,75277a873629db46a61847c3b073d8ad0dbdce2a,"79de509219862735d0db1ff966aacb67430e0c89^
79de509219862735d0db1ff966aacb67430e0c89
src/contrib/bookkeeper/src/java/org/apache/bookkeeper/util/LocalBookKeeper.java
src/contrib/bookkeeper/src/java/org/apache/bookkeeper/util/LocalBookKeeper.java"
zookeeper113,src/java/main/org/apache/zookeeper/server/NIOServerCnxn.java,src/java/main/org/apache/zookeeper/server/NIOServerCnxn.java,9722b84b52b08e27a9f3170fc60f66e721128014^,9722b84b52b08e27a9f3170fc60f66e721128014,src/java/main/org/apache/zookeeper/server/NIOServerCnxn.java,9ecca8210ec1b065193984c1ff507ae5505ecbe1,"9722b84b52b08e27a9f3170fc60f66e721128014^
9722b84b52b08e27a9f3170fc60f66e721128014
src/java/main/org/apache/zookeeper/server/NIOServerCnxn.java
src/java/main/org/apache/zookeeper/server/NIOServerCnxn.java"
zookeeper114,src/java/main/org/apache/zookeeper/server/NIOServerCnxn.java,src/java/main/org/apache/zookeeper/server/NIOServerCnxn.java,6b9c7c225e6f6d4a763ea8cc4e1ccac7aa265915^,6b9c7c225e6f6d4a763ea8cc4e1ccac7aa265915,src/java/main/org/apache/zookeeper/server/NIOServerCnxn.java,9722b84b52b08e27a9f3170fc60f66e721128014,"6b9c7c225e6f6d4a763ea8cc4e1ccac7aa265915^
6b9c7c225e6f6d4a763ea8cc4e1ccac7aa265915
src/java/main/org/apache/zookeeper/server/NIOServerCnxn.java
src/java/main/org/apache/zookeeper/server/NIOServerCnxn.java"
zookeeper115,src/java/main/org/apache/zookeeper/server/quorum/QuorumPeer.java,src/java/main/org/apache/zookeeper/server/quorum/QuorumPeer.java,0254f868ca34105308ac3524c73111d8d770091e^,0254f868ca34105308ac3524c73111d8d770091e,src/java/main/org/apache/zookeeper/server/quorum/QuorumPeer.java,a62d0245c91f3ed70f0ee0833e3ec3799a24e377,"0254f868ca34105308ac3524c73111d8d770091e^
0254f868ca34105308ac3524c73111d8d770091e
src/java/main/org/apache/zookeeper/server/quorum/QuorumPeer.java
src/java/main/org/apache/zookeeper/server/quorum/QuorumPeer.java"
zookeeper116,src/java/main/org/apache/zookeeper/server/FinalRequestProcessor.java,src/java/main/org/apache/zookeeper/server/FinalRequestProcessor.java,e3b97366f8064a6d65a3eb1c44e1191e5e73a5c3^,e3b97366f8064a6d65a3eb1c44e1191e5e73a5c3,src/java/main/org/apache/zookeeper/server/FinalRequestProcessor.java,47c4bdb0c3c40d756ec0ced91a39c771351e826a,"e3b97366f8064a6d65a3eb1c44e1191e5e73a5c3^
e3b97366f8064a6d65a3eb1c44e1191e5e73a5c3
src/java/main/org/apache/zookeeper/server/FinalRequestProcessor.java
src/java/main/org/apache/zookeeper/server/FinalRequestProcessor.java"
zookeeper117,src/java/main/org/apache/zookeeper/server/SyncRequestProcessor.java,src/java/main/org/apache/zookeeper/server/SyncRequestProcessor.java,0254f868ca34105308ac3524c73111d8d770091e^,0254f868ca34105308ac3524c73111d8d770091e,src/java/main/org/apache/zookeeper/server/SyncRequestProcessor.java,2a23a2599b31dcbc971ddd68b05a13b9570247cc,"0254f868ca34105308ac3524c73111d8d770091e^
0254f868ca34105308ac3524c73111d8d770091e
src/java/main/org/apache/zookeeper/server/SyncRequestProcessor.java
src/java/main/org/apache/zookeeper/server/SyncRequestProcessor.java"
zookeeper118,src/java/main/org/apache/zookeeper/server/quorum/SendAckRequestProcessor.java,src/java/main/org/apache/zookeeper/server/quorum/SendAckRequestProcessor.java,c6639c9842973a7954c8baa412d6825cb833d51f^,c6639c9842973a7954c8baa412d6825cb833d51f,src/java/main/org/apache/zookeeper/server/quorum/SendAckRequestProcessor.java,b12aad6381345396ad68be2c4c9df778883bd203,"c6639c9842973a7954c8baa412d6825cb833d51f^
c6639c9842973a7954c8baa412d6825cb833d51f
src/java/main/org/apache/zookeeper/server/quorum/SendAckRequestProcessor.java
src/java/main/org/apache/zookeeper/server/quorum/SendAckRequestProcessor.java"
zookeeper119,zookeeper/java/src/com/yahoo/zookeeper/server/quorum/QuorumCnxManager.java,zookeeper/java/src/com/yahoo/zookeeper/server/quorum/QuorumCnxManager.java,7f56417f9404afb0f8975b0fe616433ab75a5de8^,7f56417f9404afb0f8975b0fe616433ab75a5de8,src/java/main/org/apache/zookeeper/server/quorum/QuorumCnxManager.java,d26abefde17d4e168a32146238036e5515267655,"7f56417f9404afb0f8975b0fe616433ab75a5de8^
7f56417f9404afb0f8975b0fe616433ab75a5de8
zookeeper/java/src/com/yahoo/zookeeper/server/quorum/QuorumCnxManager.java
zookeeper/java/src/com/yahoo/zookeeper/server/quorum/QuorumCnxManager.java"
zookeeper120,src/java/main/org/apache/zookeeper/server/quorum/LeaderZooKeeperServer.java,src/java/main/org/apache/zookeeper/server/quorum/LeaderZooKeeperServer.java,0057dcb78313be28ae16b7e84c873191471dceee^,0057dcb78313be28ae16b7e84c873191471dceee,src/java/main/org/apache/zookeeper/server/quorum/LeaderZooKeeperServer.java,9107bbaf5f94ea0c70bcaae458538c95aeb61454,"0057dcb78313be28ae16b7e84c873191471dceee^
0057dcb78313be28ae16b7e84c873191471dceee
src/java/main/org/apache/zookeeper/server/quorum/LeaderZooKeeperServer.java
src/java/main/org/apache/zookeeper/server/quorum/LeaderZooKeeperServer.java"
zookeeper121,src/contrib/bookkeeper/src/java/org/apache/bookkeeper/client/BookieHandle.java,src/contrib/bookkeeper/src/java/org/apache/bookkeeper/client/BookieHandle.java,e0316743684e9ef208cfe68efc28929ecfad5e67^,e0316743684e9ef208cfe68efc28929ecfad5e67,src/contrib/bookkeeper/src/java/org/apache/bookkeeper/client/BookieHandle.java,4a59fd30d40d1cf2ef4b3c62e1d64047f246dba3,"e0316743684e9ef208cfe68efc28929ecfad5e67^
e0316743684e9ef208cfe68efc28929ecfad5e67
src/contrib/bookkeeper/src/java/org/apache/bookkeeper/client/BookieHandle.java
src/contrib/bookkeeper/src/java/org/apache/bookkeeper/client/BookieHandle.java"
zookeeper122,src/java/main/org/apache/zookeeper/KeeperException.java,src/java/main/org/apache/zookeeper/KeeperException.java,0057dcb78313be28ae16b7e84c873191471dceee^,0057dcb78313be28ae16b7e84c873191471dceee,src/java/main/org/apache/zookeeper/KeeperException.java,ed6a4639e787c8a68f8f4cbca740693927498ebb,"0057dcb78313be28ae16b7e84c873191471dceee^
0057dcb78313be28ae16b7e84c873191471dceee
src/java/main/org/apache/zookeeper/KeeperException.java
src/java/main/org/apache/zookeeper/KeeperException.java"
zookeeper123,zookeeper/java/src/com/yahoo/zookeeper/server/PrepRequestProcessor.java,zookeeper/java/src/com/yahoo/zookeeper/server/PrepRequestProcessor.java,7f56417f9404afb0f8975b0fe616433ab75a5de8^,7f56417f9404afb0f8975b0fe616433ab75a5de8,src/java/main/org/apache/zookeeper/server/PrepRequestProcessor.java,360fc24572f0ba75362253450fea50dd48d2ea13,"7f56417f9404afb0f8975b0fe616433ab75a5de8^
7f56417f9404afb0f8975b0fe616433ab75a5de8
zookeeper/java/src/com/yahoo/zookeeper/server/PrepRequestProcessor.java
zookeeper/java/src/com/yahoo/zookeeper/server/PrepRequestProcessor.java"
zookeeper124,zookeeper/java/src/com/yahoo/zookeeper/server/auth/DigestAuthenticationProvider.java,zookeeper/java/src/com/yahoo/zookeeper/server/auth/DigestAuthenticationProvider.java,e1e8bffbc2f3bcb28cd59b4a54568c26cf92cc8e^,e1e8bffbc2f3bcb28cd59b4a54568c26cf92cc8e,src/java/main/org/apache/zookeeper/server/auth/DigestAuthenticationProvider.java,601320c3379194eb90a3b57a5f27e703727aa690,"e1e8bffbc2f3bcb28cd59b4a54568c26cf92cc8e^
e1e8bffbc2f3bcb28cd59b4a54568c26cf92cc8e
zookeeper/java/src/com/yahoo/zookeeper/server/auth/DigestAuthenticationProvider.java
zookeeper/java/src/com/yahoo/zookeeper/server/auth/DigestAuthenticationProvider.java"
zookeeper125,src/java/main/org/apache/zookeeper/ZooKeeper.java,src/java/main/org/apache/zookeeper/ZooKeeper.java,88fab67e8bf006e10f23db1ae7059cb4c516a4a8^,88fab67e8bf006e10f23db1ae7059cb4c516a4a8,src/java/main/org/apache/zookeeper/ZooKeeper.java,b4510d2b69db980525be0fcb6e11b692c690ac24,"88fab67e8bf006e10f23db1ae7059cb4c516a4a8^
88fab67e8bf006e10f23db1ae7059cb4c516a4a8
src/java/main/org/apache/zookeeper/ZooKeeper.java
src/java/main/org/apache/zookeeper/ZooKeeper.java"
zookeeper126,zookeeper/java/src/com/yahoo/zookeeper/server/quorum/QuorumCnxManager.java,zookeeper/java/src/com/yahoo/zookeeper/server/quorum/QuorumCnxManager.java,7f56417f9404afb0f8975b0fe616433ab75a5de8,5347de99d0d1fdd1d41ffb02e69931eda5fa2342,src/java/main/org/apache/zookeeper/server/quorum/QuorumCnxManager.java,47b16b9612ece90d959f1966f387b91ee4d9b7ed,"7f56417f9404afb0f8975b0fe616433ab75a5de8
5347de99d0d1fdd1d41ffb02e69931eda5fa2342
zookeeper/java/src/com/yahoo/zookeeper/server/quorum/QuorumCnxManager.java
zookeeper/java/src/com/yahoo/zookeeper/server/quorum/QuorumCnxManager.java"
zookeeper127,src/contrib/bookkeeper/src/java/org/apache/bookkeeper/bookie/Bookie.java,src/contrib/bookkeeper/src/java/org/apache/bookkeeper/bookie/Bookie.java,05eab5e567f49d984e3c299be42d9a9760d98ec2^,05eab5e567f49d984e3c299be42d9a9760d98ec2,src/contrib/bookkeeper/src/java/org/apache/bookkeeper/bookie/Bookie.java,1b91bfd187f1a718fc4f596099ca08af15a17971,"05eab5e567f49d984e3c299be42d9a9760d98ec2^
05eab5e567f49d984e3c299be42d9a9760d98ec2
src/contrib/bookkeeper/src/java/org/apache/bookkeeper/bookie/Bookie.java
src/contrib/bookkeeper/src/java/org/apache/bookkeeper/bookie/Bookie.java"
zookeeper128,zookeeper/java/src/com/yahoo/zookeeper/server/ZooKeeperServer.java,zookeeper/java/src/com/yahoo/zookeeper/server/ZooKeeperServer.java,7f56417f9404afb0f8975b0fe616433ab75a5de8^,7f56417f9404afb0f8975b0fe616433ab75a5de8,src/java/main/org/apache/zookeeper/server/ZooKeeperServer.java,63e2697d430ce1f7c5b60ddc3ce8f2c65ef861fb,"7f56417f9404afb0f8975b0fe616433ab75a5de8^
7f56417f9404afb0f8975b0fe616433ab75a5de8
zookeeper/java/src/com/yahoo/zookeeper/server/ZooKeeperServer.java
zookeeper/java/src/com/yahoo/zookeeper/server/ZooKeeperServer.java"
zookeeper129,src/java/main/org/apache/zookeeper/KeeperException.java,src/java/main/org/apache/zookeeper/KeeperException.java,88fab67e8bf006e10f23db1ae7059cb4c516a4a8^,88fab67e8bf006e10f23db1ae7059cb4c516a4a8,src/java/main/org/apache/zookeeper/KeeperException.java,2890f77b0ea58176e14780d99c4dc3cc0dfa88fd,"88fab67e8bf006e10f23db1ae7059cb4c516a4a8^
88fab67e8bf006e10f23db1ae7059cb4c516a4a8
src/java/main/org/apache/zookeeper/KeeperException.java
src/java/main/org/apache/zookeeper/KeeperException.java"
zookeeper130,src/java/main/org/apache/zookeeper/server/quorum/CommitProcessor.java,src/java/main/org/apache/zookeeper/server/quorum/CommitProcessor.java,cfd2ecb8d049c1b51b2c1e6d5fd02edd5d3c26e8^,cfd2ecb8d049c1b51b2c1e6d5fd02edd5d3c26e8,src/java/main/org/apache/zookeeper/server/quorum/CommitProcessor.java,e5b90d600c69107da88d1758c1e66eba7cc1abad,"cfd2ecb8d049c1b51b2c1e6d5fd02edd5d3c26e8^
cfd2ecb8d049c1b51b2c1e6d5fd02edd5d3c26e8
src/java/main/org/apache/zookeeper/server/quorum/CommitProcessor.java
src/java/main/org/apache/zookeeper/server/quorum/CommitProcessor.java"
zookeeper131,src/java/main/org/apache/zookeeper/ClientCnxn.java,src/java/main/org/apache/zookeeper/ClientCnxn.java,30c3c0eb55026bf73c6c6a87fe662ba458f67233^,30c3c0eb55026bf73c6c6a87fe662ba458f67233,src/java/main/org/apache/zookeeper/ClientCnxn.java,3fcc62dae5f63a64f68b5d36f8d22e3ecf751a78,"30c3c0eb55026bf73c6c6a87fe662ba458f67233^
30c3c0eb55026bf73c6c6a87fe662ba458f67233
src/java/main/org/apache/zookeeper/ClientCnxn.java
src/java/main/org/apache/zookeeper/ClientCnxn.java"
zookeeper132,zookeeper/java/src/com/yahoo/zookeeper/server/SyncRequestProcessor.java,zookeeper/java/src/com/yahoo/zookeeper/server/SyncRequestProcessor.java,7f56417f9404afb0f8975b0fe616433ab75a5de8^,7f56417f9404afb0f8975b0fe616433ab75a5de8,src/java/main/org/apache/zookeeper/server/SyncRequestProcessor.java,f7673ae440408e4107c3a7874caf3e4df91b078c,"7f56417f9404afb0f8975b0fe616433ab75a5de8^
7f56417f9404afb0f8975b0fe616433ab75a5de8
zookeeper/java/src/com/yahoo/zookeeper/server/SyncRequestProcessor.java
zookeeper/java/src/com/yahoo/zookeeper/server/SyncRequestProcessor.java"
zookeeper133,zookeeper/java/src/com/yahoo/zookeeper/server/DataNode.java,zookeeper/java/src/com/yahoo/zookeeper/server/DataNode.java,e2f182cf0c095784e205b5bd63d72c73d1258297^,e2f182cf0c095784e205b5bd63d72c73d1258297,src/java/main/org/apache/zookeeper/server/DataNode.java,ff98502017f564c14008f5e55ba536bef7d60b78,"e2f182cf0c095784e205b5bd63d72c73d1258297^
e2f182cf0c095784e205b5bd63d72c73d1258297
zookeeper/java/src/com/yahoo/zookeeper/server/DataNode.java
zookeeper/java/src/com/yahoo/zookeeper/server/DataNode.java"
zookeeper134,src/java/main/org/apache/zookeeper/server/quorum/Leader.java,src/java/main/org/apache/zookeeper/server/quorum/Leader.java,4cdb4305ad4acd8189b4f771b30f05d4cf68703e^,4cdb4305ad4acd8189b4f771b30f05d4cf68703e,src/java/main/org/apache/zookeeper/server/quorum/Leader.java,d284d6fdae9c826bea44414a4f8f7b811eb0657f,"4cdb4305ad4acd8189b4f771b30f05d4cf68703e^
4cdb4305ad4acd8189b4f771b30f05d4cf68703e
src/java/main/org/apache/zookeeper/server/quorum/Leader.java
src/java/main/org/apache/zookeeper/server/quorum/Leader.java"
zookeeper135,src/java/main/org/apache/zookeeper/ZooKeeper.java,src/java/main/org/apache/zookeeper/ZooKeeper.java,a6078d424766ba7ca60821ae802f3acb9e2c7758^,a6078d424766ba7ca60821ae802f3acb9e2c7758,src/java/main/org/apache/zookeeper/ZooKeeper.java,d1fa7aa702b4c9474ecbed78da9f8ca0638b6d04,"a6078d424766ba7ca60821ae802f3acb9e2c7758^
a6078d424766ba7ca60821ae802f3acb9e2c7758
src/java/main/org/apache/zookeeper/ZooKeeper.java
src/java/main/org/apache/zookeeper/ZooKeeper.java"
zookeeper136,zookeeper/java/src/com/yahoo/zookeeper/server/quorum/LeaderElection.java,zookeeper/java/src/com/yahoo/zookeeper/server/quorum/LeaderElection.java,7f56417f9404afb0f8975b0fe616433ab75a5de8^,7f56417f9404afb0f8975b0fe616433ab75a5de8,src/java/main/org/apache/zookeeper/server/quorum/LeaderElection.java,3553137b9a7e8d804fdb378be23196a74afaf731,"7f56417f9404afb0f8975b0fe616433ab75a5de8^
7f56417f9404afb0f8975b0fe616433ab75a5de8
zookeeper/java/src/com/yahoo/zookeeper/server/quorum/LeaderElection.java
zookeeper/java/src/com/yahoo/zookeeper/server/quorum/LeaderElection.java"
zookeeper137,src/java/main/org/apache/zookeeper/ClientCnxn.java,src/java/main/org/apache/zookeeper/ClientCnxn.java,cfd2ecb8d049c1b51b2c1e6d5fd02edd5d3c26e8^,cfd2ecb8d049c1b51b2c1e6d5fd02edd5d3c26e8,src/java/main/org/apache/zookeeper/ClientCnxn.java,e3e0db789177a2e77882545dbdd9eed9a23eb392,"cfd2ecb8d049c1b51b2c1e6d5fd02edd5d3c26e8^
cfd2ecb8d049c1b51b2c1e6d5fd02edd5d3c26e8
src/java/main/org/apache/zookeeper/ClientCnxn.java
src/java/main/org/apache/zookeeper/ClientCnxn.java"
zookeeper138,zookeeper/java/src/com/yahoo/zookeeper/server/quorum/LeaderElection.java,zookeeper/java/src/com/yahoo/zookeeper/server/quorum/LeaderElection.java,2d5dd1da4d144cd1ab76edda05e4faa2d6f368e3^,2d5dd1da4d144cd1ab76edda05e4faa2d6f368e3,src/java/main/org/apache/zookeeper/server/quorum/LeaderElection.java,3a6a4ba7fc538f066d7b691777320fb9b92a5f93,"2d5dd1da4d144cd1ab76edda05e4faa2d6f368e3^
2d5dd1da4d144cd1ab76edda05e4faa2d6f368e3
zookeeper/java/src/com/yahoo/zookeeper/server/quorum/LeaderElection.java
zookeeper/java/src/com/yahoo/zookeeper/server/quorum/LeaderElection.java"
zookeeper139,zookeeper/java/src/com/yahoo/zookeeper/server/NIOServerCnxn.java,zookeeper/java/src/com/yahoo/zookeeper/server/NIOServerCnxn.java,888e0c5fc576415a7949a938bf1aad4be74984eb^,888e0c5fc576415a7949a938bf1aad4be74984eb,src/java/main/org/apache/zookeeper/server/NIOServerCnxn.java,3740b7c730e6e4ccccd78c35694689292bca4ddb,"888e0c5fc576415a7949a938bf1aad4be74984eb^
888e0c5fc576415a7949a938bf1aad4be74984eb
zookeeper/java/src/com/yahoo/zookeeper/server/NIOServerCnxn.java
zookeeper/java/src/com/yahoo/zookeeper/server/NIOServerCnxn.java"
